,SHOP_WEEK,SHOP_DATE,TIMESTAMP,SHOP_WEEKDAY,SHOP_HOUR,QUANTITY,SPEND,PROD_CODE,PROD_CODE_10,PROD_CODE_20,PROD_CODE_30,PROD_CODE_40,CUST_CODE,CUST_PRICE_SENSITIVITY,CUST_LIFESTAGE,BASKET_ID,BASKET_SIZE,BASKET_PRICE_SENSITIVITY,BASKET_TYPE,BASKET_DOMINANT_MISSION,STORE_CODE,STORE_FORMAT,STORE_REGION
22938,200626,20060824,1156377600,5,13,1,1.12,PRD0902789,CL00079,DEP00022,G00007,D00002,CUST0000880709,LA,OA,994102000713968,S,MM,Small Shop,Fresh,STORE00277,LS,N01
141801,200626,20060822,1156204800,3,15,1,3.61,PRD0903524,CL00079,DEP00022,G00007,D00002,CUST0000395612,UM,OA,994102000410722,S,MM,Small Shop,Fresh,STORE01546,LS,W02
145730,200626,20060821,1156118400,2,8,3,1.32,PRD0902735,CL00020,DEP00005,G00003,D00001,CUST0000636720,MM,OT,994102000561450,M,MM,Small Shop,Fresh,STORE01604,XLS,W01
145731,200626,20060823,1156291200,4,11,3,1.32,PRD0902735,CL00020,DEP00005,G00003,D00001,CUST0000636720,MM,OT,994102000561451,M,MM,Small Shop,Fresh,STORE01604,XLS,W01
145732,200626,20060821,1156118400,2,9,3,1.32,PRD0902735,CL00020,DEP00005,G00003,D00001,CUST0000636720,MM,OT,994102000561452,M,MM,Small Shop,Fresh,STORE01604,XLS,W01
145733,200626,20060827,1156636800,1,9,3,1.32,PRD0902735,CL00020,DEP00005,G00003,D00001,CUST0000636720,MM,OT,994102000561453,M,MM,Small Shop,Fresh,STORE01604,XLS,W01
146074,200626,20060823,1156291200,4,11,1,1.16,PRD0904813,CL00046,DEP00012,G00004,D00002,CUST0000636720,MM,OT,994102000561451,M,MM,Small Shop,Fresh,STORE01604,XLS,W01
146075,200626,20060821,1156118400,2,9,1,1.16,PRD0904813,CL00046,DEP00012,G00004,D00002,CUST0000636720,MM,OT,994102000561452,M,MM,Small Shop,Fresh,STORE01604,XLS,W01
146076,200626,20060827,1156636800,1,9,1,1.16,PRD0904813,CL00046,DEP00012,G00004,D00002,CUST0000636720,MM,OT,994102000561453,M,MM,Small Shop,Fresh,STORE01604,XLS,W01
146160,200626,20060823,1156291200,4,11,1,0.01,PRD0903678,CL00222,DEP00076,G00023,D00005,CUST0000636720,MM,OT,994102000561451,M,MM,Small Shop,Fresh,STORE01604,XLS,W01
146161,200626,20060821,1156118400,2,9,1,0.01,PRD0903678,CL00222,DEP00076,G00023,D00005,CUST0000636720,MM,OT,994102000561452,M,MM,Small Shop,Fresh,STORE01604,XLS,W01
236337,200626,20060823,1156291200,4,13,1,0.32,PRD0903090,CL00218,DEP00073,G00023,D00005,CUST0000412519,LA,OA,994102000421210,S,MM,Small Shop,Fresh,STORE02599,LS,W01
236360,200626,20060823,1156291200,4,13,1,0.84,PRD0903317,CL00002,DEP00001,G00001,D00001,CUST0000412519,LA,OA,994102000421210,S,MM,Small Shop,Fresh,STORE02599,LS,W01
6777,200607,20060415,1145059200,7,12,1,0.7,PRD0903052,CL00031,DEP00008,G00004,D00002,CUST0000412519,LA,OA,994100100399363,M,MM,Small Shop,Fresh,STORE00036,MS,N01
6790,200607,20060415,1145059200,7,12,1,0.32,PRD0903090,CL00218,DEP00073,G00023,D00005,CUST0000412519,LA,OA,994100100399363,M,MM,Small Shop,Fresh,STORE00036,MS,N01
6807,200607,20060415,1145059200,7,12,1,0.84,PRD0903317,CL00002,DEP00001,G00001,D00001,CUST0000412519,LA,OA,994100100399363,M,MM,Small Shop,Fresh,STORE00036,MS,N01
6837,200607,20060415,1145059200,7,12,1,1.93,PRD0903867,CL00023,DEP00008,G00004,D00002,CUST0000412519,LA,OA,994100100399363,M,MM,Small Shop,Fresh,STORE00036,MS,N01
7145,200607,20060412,1144800000,4,9,1,0.66,PRD0901265,CL00030,DEP00008,G00004,D00002,CUST0000561725,MM,OT,994100100488827,S,MM,Small Shop,Fresh,STORE00059,MS,W02
107930,200607,20060410,1144627200,2,15,1,9.48,PRD0903615,CL00188,DEP00062,G00018,D00004,CUST0000696999,MM,YF,994100100570459,S,XX,Small Shop,Nonfood,STORE01253,LS,W02
134966,200607,20060415,1145059200,7,21,1,1.43,PRD0901996,CL00079,DEP00022,G00007,D00002,CUST0000395612,UM,OA,994100100389361,S,MM,Small Shop,Fresh,STORE01546,LS,W02
135180,200607,20060415,1145059200,7,21,1,1.08,PRD0904354,CL00079,DEP00022,G00007,D00002,CUST0000395612,UM,OA,994100100389361,S,MM,Small Shop,Fresh,STORE01546,LS,W02
7022,200608,20060423,1145750400,1,8,1,2.34,PRD0904343,CL00207,DEP00069,G00022,D00005,CUST0000561725,MM,OT,994100200495082,S,UM,Small Shop,Nonfood,STORE00059,MS,W02
137030,200608,20060419,1145404800,4,16,1,0.92,PRD0900282,CL00079,DEP00022,G00007,D00002,CUST0000395612,UM,OA,994100200394400,S,MM,Small Shop,Fresh,STORE01546,LS,W02
137249,200608,20060417,1145232000,2,13,1,1.43,PRD0901996,CL00079,DEP00022,G00007,D00002,CUST0000395612,UM,OA,994100200394401,S,MM,Small Shop,Fresh,STORE01546,LS,W02
137286,200608,20060419,1145404800,4,11,1,1.12,PRD0902332,CL00157,DEP00053,G00016,D00003,CUST0000395612,UM,OA,994100200394399,S,MM,Small Shop,Grocery,STORE01546,LS,W02
137418,200608,20060419,1145404800,4,16,1,3.61,PRD0903524,CL00079,DEP00022,G00007,D00002,CUST0000395612,UM,OA,994100200394400,S,MM,Small Shop,Fresh,STORE01546,LS,W02
137517,200608,20060417,1145232000,2,13,1,1.08,PRD0904354,CL00079,DEP00022,G00007,D00002,CUST0000395612,UM,OA,994100200394401,S,MM,Small Shop,Fresh,STORE01546,LS,W02
250810,200608,20060423,1145750400,1,16,3,3.54,PRD0901224,CL00202,DEP00067,G00021,D00005,CUST0000787265,UM,OA,994100200632165,M,UM,Small Shop,Nonfood,STORE02848,MS,N03
81500,200609,20060429,1146268800,7,13,1,2.45,PRD0902282,CL00083,DEP00023,G00007,D00002,CUST0000461536,UM,PE,994100300448110,S,MM,Small Shop,Fresh,STORE00897,LS,S03
82164,200609,20060426,1146009600,4,11,1,0.41,PRD0900332,CL00164,DEP00055,G00016,D00003,CUST0000348643,MM,OT,994100300377806,S,MM,Small Shop,Grocery,STORE00910,MS,S01
238864,200609,20060430,1146355200,1,12,1,0.32,PRD0903090,CL00218,DEP00073,G00023,D00005,CUST0000412519,LA,OA,994100300417370,S,MM,Small Shop,Fresh,STORE02599,LS,W01
238881,200609,20060430,1146355200,1,12,1,0.84,PRD0903317,CL00002,DEP00001,G00001,D00001,CUST0000412519,LA,OA,994100300417370,S,MM,Small Shop,Fresh,STORE02599,LS,W01
238882,200609,20060430,1146355200,1,9,3,2.52,PRD0903317,CL00002,DEP00001,G00001,D00001,CUST0000412519,LA,OA,994100300417371,M,MM,Small Shop,Fresh,STORE02599,LS,W01
236584,200610,20060501,1146441600,2,12,1,0.32,PRD0903090,CL00218,DEP00073,G00023,D00005,CUST0000412519,LA,OA,994100400415801,S,MM,Small Shop,Fresh,STORE02599,LS,W01
236607,200610,20060507,1146960000,1,13,1,0.84,PRD0903317,CL00002,DEP00001,G00001,D00001,CUST0000412519,LA,OA,994100400415800,S,MM,Small Shop,Mixed,STORE02599,LS,W01
236608,200610,20060501,1146441600,2,12,1,0.84,PRD0903317,CL00002,DEP00001,G00001,D00001,CUST0000412519,LA,OA,994100400415801,S,MM,Small Shop,Fresh,STORE02599,LS,W01
236632,200610,20060507,1146960000,1,13,1,0.67,PRD0903588,CL00218,DEP00073,G00023,D00005,CUST0000412519,LA,OA,994100400415800,S,MM,Small Shop,Mixed,STORE02599,LS,W01
260746,200610,20060506,1146873600,7,11,4,4.72,PRD0901224,CL00202,DEP00067,G00021,D00005,CUST0000787265,UM,OA,994100400647011,M,UM,Small Shop,Nonfood,STORE02848,MS,N03
7018,200611,20060509,1147132800,3,8,1,1.33,PRD0900893,CL00144,DEP00051,G00015,D00003,CUST0000561725,MM,OT,994100500504742,S,LA,Small Shop,Grocery,STORE00059,MS,W02
21761,200611,20060511,1147305600,5,14,1,2.51,PRD0904766,CL00079,DEP00022,G00007,D00002,CUST0000880709,LA,OA,994100500700313,S,MM,Small Shop,Fresh,STORE00277,LS,N01
15786,200612,20060520,1148083200,7,8,1,0.67,PRD0903588,CL00218,DEP00073,G00023,D00005,CUST0000642947,LA,OT,994100600562400,S,MM,Small Shop,Nonfood,STORE00201,MS,W02
186019,200612,20060519,1147996800,6,18,1,1.13,PRD0900198,CL00230,DEP00081,G00027,D00008,CUST0000632033,UM,YA,994100600555467,S,MM,Small Shop,Grocery,STORE02130,MS,W02
206037,200612,20060517,1147824000,4,11,1,2.49,PRD0904250,CL00045,DEP00011,G00004,D00002,CUST0000922054,LA,OT,994100600738198,S,UM,Small Shop,Fresh,STORE02355,LS,N02
257284,200612,20060515,1147651200,2,15,3,3.54,PRD0901224,CL00202,DEP00067,G00021,D00005,CUST0000787265,UM,OA,994100600653042,M,UM,Small Shop,Nonfood,STORE02848,MS,N03
3470,200613,20060528,1148774400,1,14,1,0.49,PRD0904363,CL00075,DEP00022,G00007,D00002,CUST0000746645,UM,YF,994100700626588,S,LA,Small Shop,Fresh,STORE00013,LS,N02
82039,200613,20060522,1148256000,2,12,1,0.41,PRD0900332,CL00164,DEP00055,G00016,D00003,CUST0000348643,MM,OT,994100700376285,S,MM,Small Shop,Grocery,STORE00910,MS,S01
143998,200613,20060523,1148342400,3,15,1,3.61,PRD0903524,CL00079,DEP00022,G00007,D00002,CUST0000395612,UM,OA,994100700405717,S,MM,Small Shop,Fresh,STORE01546,LS,W02
188839,200613,20060528,1148774400,1,17,3,4.83,PRD0901459,CL00230,DEP00081,G00027,D00008,CUST0000632033,UM,YA,994100700554034,M,UM,Small Shop,Grocery,STORE02130,MS,W02
209148,200613,20060525,1148515200,5,10,1,1.01,PRD0903074,CL00045,DEP00011,G00004,D00002,CUST0000922054,LA,OT,994100700737684,S,MM,Small Shop,Fresh,STORE02355,LS,N02
209222,200613,20060525,1148515200,5,10,1,2.49,PRD0904250,CL00045,DEP00011,G00004,D00002,CUST0000922054,LA,OT,994100700737684,S,MM,Small Shop,Fresh,STORE02355,LS,N02
261004,200613,20060524,1148428800,4,9,4,4.72,PRD0901224,CL00202,DEP00067,G00021,D00005,CUST0000787265,UM,OA,994100700651966,M,UM,Small Shop,Nonfood,STORE02848,MS,N03
81345,200614,20060604,1149379200,1,13,4,0.84,PRD0900594,CL00015,DEP00004,G00003,D00001,CUST0000461536,UM,PE,994100800450606,M,UM,Small Shop,Fresh,STORE00897,LS,S03
81610,200614,20060604,1149379200,1,13,1,1.17,PRD0902813,CL00043,DEP00011,G00004,D00002,CUST0000461536,UM,PE,994100800450606,M,UM,Small Shop,Fresh,STORE00897,LS,S03
81832,200614,20060604,1149379200,1,13,1,0.95,PRD0904525,CL00065,DEP00019,G00007,D00002,CUST0000461536,UM,PE,994100800450606,M,UM,Small Shop,Fresh,STORE00897,LS,S03
189209,200614,20060531,1149033600,4,20,6,9.66,PRD0901459,CL00230,DEP00081,G00027,D00008,CUST0000632033,UM,YA,994100800556438,M,UM,Small Shop,Grocery,STORE02130,MS,W02
209230,200614,20060530,1148947200,3,10,1,1.01,PRD0903074,CL00045,DEP00011,G00004,D00002,CUST0000922054,LA,OT,994100800737336,S,MM,Small Shop,Fresh,STORE02355,LS,N02
209308,200614,20060530,1148947200,3,10,1,2.49,PRD0904250,CL00045,DEP00011,G00004,D00002,CUST0000922054,LA,OT,994100800737336,S,MM,Small Shop,Fresh,STORE02355,LS,N02
7342,200615,20060610,1149897600,7,11,1,1.33,PRD0900893,CL00144,DEP00051,G00015,D00003,CUST0000561725,MM,OT,994100900536129,S,MM,Small Shop,Grocery,STORE00059,MS,W02
7376,200615,20060610,1149897600,7,11,1,0.39,PRD0903052,CL00031,DEP00008,G00004,D00002,CUST0000561725,MM,OT,994100900536129,S,MM,Small Shop,Grocery,STORE00059,MS,W02
135123,200615,20060609,1149811200,6,14,1,0.49,PRD0904363,CL00075,DEP00022,G00007,D00002,CUST0000746645,UM,YF,994100900656879,S,LA,Small Shop,Fresh,STORE01433,SS,W01
185753,200615,20060606,1149552000,3,13,1,0.92,PRD0900749,CL00153,DEP00052,G00015,D00003,CUST0000746645,UM,YF,994100900656880,S,MM,Small Shop,Grocery,STORE02003,LS,E02
192737,200615,20060608,1149724800,5,16,6,9.66,PRD0901459,CL00230,DEP00081,G00027,D00008,CUST0000632033,UM,YA,994100900582184,M,UM,Small Shop,Grocery,STORE02130,MS,W02
240732,200615,20060608,1149724800,5,9,1,0.84,PRD0903317,CL00002,DEP00001,G00001,D00001,CUST0000412519,LA,OA,994100900439242,S,MM,Small Shop,Fresh,STORE02599,LS,W01
143571,200616,20060613,1150156800,3,12,1,1.43,PRD0901996,CL00079,DEP00022,G00007,D00002,CUST0000395612,UM,OA,994101000421553,S,MM,Small Shop,Fresh,STORE01546,LS,W02
143873,200616,20060613,1150156800,3,12,1,1.89,PRD0904219,CL00079,DEP00022,G00007,D00002,CUST0000395612,UM,OA,994101000421553,S,MM,Small Shop,Fresh,STORE01546,LS,W02
189484,200616,20060613,1150156800,3,17,6,9.66,PRD0901459,CL00230,DEP00081,G00027,D00008,CUST0000632033,UM,YA,994101000573117,M,UM,Small Shop,Grocery,STORE02130,MS,W02
260850,200616,20060612,1150070400,2,9,4,4.72,PRD0901224,CL00202,DEP00067,G00021,D00005,CUST0000787265,UM,OA,994101000672385,M,UM,Small Shop,Nonfood,STORE02848,MS,N03
7606,200617,20060619,1150675200,2,8,1,1.09,PRD0901265,CL00030,DEP00008,G00004,D00002,CUST0000561725,MM,OT,994101100516886,S,MM,Small Shop,Fresh,STORE00059,MS,W02
80822,200617,20060622,1150934400,5,13,1,3.23,PRD0901068,CL00058,DEP00016,G00006,D00002,CUST0000461536,UM,PE,994101100454525,S,UM,Small Shop,Fresh,STORE00897,LS,S03
81495,200617,20060624,1151107200,7,17,3,1.23,PRD0900332,CL00164,DEP00055,G00016,D00003,CUST0000348643,MM,OT,994101100384009,M,MM,Small Shop,Grocery,STORE00910,MS,S01
234955,200617,20060624,1151107200,7,12,1,0.84,PRD0903317,CL00002,DEP00001,G00001,D00001,CUST0000412519,LA,OA,994101100423988,S,MM,Small Shop,Mixed,STORE02599,LS,W01
234982,200617,20060624,1151107200,7,12,1,0.67,PRD0903588,CL00218,DEP00073,G00023,D00005,CUST0000412519,LA,OA,994101100423988,S,MM,Small Shop,Mixed,STORE02599,LS,W01
258459,200617,20060624,1151107200,7,10,4,4.72,PRD0901224,CL00202,DEP00067,G00021,D00005,CUST0000787265,UM,OA,994101100658694,M,UM,Small Shop,Nonfood,STORE02848,MS,N03
148107,200618,20060626,1151280000,2,11,1,3.61,PRD0903524,CL00079,DEP00022,G00007,D00002,CUST0000395612,UM,OA,994101200421386,S,MM,Small Shop,Fresh,STORE01546,LS,W02
243174,200618,20060701,1151712000,7,10,1,0.84,PRD0903317,CL00002,DEP00001,G00001,D00001,CUST0000412519,LA,OA,994101200431856,S,MM,Small Shop,Mixed,STORE02599,LS,W01
243203,200618,20060701,1151712000,7,10,1,0.67,PRD0903588,CL00218,DEP00073,G00023,D00005,CUST0000412519,LA,OA,994101200431856,S,MM,Small Shop,Mixed,STORE02599,LS,W01
267487,200618,20060629,1151539200,5,10,6,7.08,PRD0901224,CL00202,DEP00067,G00021,D00005,CUST0000787265,UM,OA,994101200669944,M,UM,Small Shop,Nonfood,STORE02848,MS,N03
7722,200619,20060709,1152403200,1,8,1,1.33,PRD0900893,CL00144,DEP00051,G00015,D00003,CUST0000561725,MM,OT,994101300519019,S,LA,Small Shop,Grocery,STORE00059,MS,W02
7769,200619,20060709,1152403200,1,10,1,0.31,PRD0903052,CL00031,DEP00008,G00004,D00002,CUST0000561725,MM,OT,994101300519018,M,MM,Small Shop,Fresh,STORE00059,MS,W02
7816,200619,20060709,1152403200,1,10,3,0.69,PRD0904743,CL00070,DEP00020,G00007,D00002,CUST0000561725,MM,OT,994101300519018,M,MM,Small Shop,Fresh,STORE00059,MS,W02
80125,200619,20060708,1152316800,7,15,1,3.98,PRD0901068,CL00058,DEP00016,G00006,D00002,CUST0000461536,UM,PE,994101300457163,S,UM,Small Shop,Fresh,STORE00897,LS,S03
22561,200620,20060710,1152489600,2,15,1,2.51,PRD0904766,CL00079,DEP00022,G00007,D00002,CUST0000880709,LA,OA,994101400725537,S,MM,Small Shop,Fresh,STORE00277,LS,N01
98116,200620,20060716,1153008000,1,17,1,0.49,PRD0904363,CL00075,DEP00022,G00007,D00002,CUST0000746645,UM,YF,994101400641451,S,LA,Small Shop,Fresh,STORE01109,LS,S03
225348,200620,20060711,1152576000,3,14,3,0.48,PRD0904665,CL00153,DEP00052,G00015,D00003,CUST0000746645,UM,YF,994101400641450,M,MM,Small Shop,Grocery,STORE02525,MS,W03
232028,200620,20060713,1152748800,5,10,1,0.92,PRD0902819,CL00218,DEP00073,G00023,D00005,CUST0000412519,LA,OA,994101400431672,S,MM,Small Shop,Mixed,STORE02599,LS,W01
232089,200620,20060713,1152748800,5,10,1,0.84,PRD0903317,CL00002,DEP00001,G00001,D00001,CUST0000412519,LA,OA,994101400431672,S,MM,Small Shop,Mixed,STORE02599,LS,W01
241234,200621,20060721,1153440000,6,11,1,0.67,PRD0903588,CL00218,DEP00073,G00023,D00005,CUST0000412519,LA,OA,994101500452357,S,MM,Small Shop,Nonfood,STORE02599,LS,W01
7019,200622,20060729,1154131200,7,8,1,1.33,PRD0900893,CL00144,DEP00051,G00015,D00003,CUST0000561725,MM,OT,994101600535016,S,MM,Small Shop,Mixed,STORE00059,MS,W02
7049,200622,20060729,1154131200,7,8,1,0.63,PRD0903052,CL00031,DEP00008,G00004,D00002,CUST0000561725,MM,OT,994101600535016,S,MM,Small Shop,Mixed,STORE00059,MS,W02
28262,200622,20060728,1154044800,6,10,1,1.16,PRD0904813,CL00046,DEP00012,G00004,D00002,CUST0000636720,MM,OT,994101600582460,S,MM,Small Shop,Fresh,STORE00326,SS,S01
239557,200622,20060727,1153958400,5,10,1,0.84,PRD0903317,CL00002,DEP00001,G00001,D00001,CUST0000412519,LA,OA,994101600441547,S,MM,Small Shop,Fresh,STORE02599,LS,W01
262930,200622,20060729,1154131200,7,10,4,4.72,PRD0901224,CL00202,DEP00067,G00021,D00005,CUST0000787265,UM,OA,994101600677680,M,UM,Small Shop,Nonfood,STORE02848,MS,N03
6954,200624,20060808,1154995200,3,9,1,1.33,PRD0900893,CL00144,DEP00051,G00015,D00003,CUST0000561725,MM,OT,994101800511622,S,LA,Small Shop,Grocery,STORE00059,MS,W02
77786,200624,20060810,1155168000,5,12,3,1.38,PRD0904744,CL00164,DEP00055,G00016,D00003,CUST0000348643,MM,OT,994101800383758,M,MM,Small Shop,Grocery,STORE00910,MS,S01
182033,200624,20060809,1155081600,4,20,4,6.44,PRD0901459,CL00230,DEP00081,G00027,D00008,CUST0000632033,UM,YA,994101800554262,M,UM,Small Shop,Grocery,STORE02130,MS,W02
227683,200624,20060807,1154908800,2,9,1,0.32,PRD0903090,CL00218,DEP00073,G00023,D00005,CUST0000412519,LA,OA,994101800422170,S,MM,Small Shop,Fresh,STORE02599,LS,W01
227699,200624,20060807,1154908800,2,9,1,0.84,PRD0903317,CL00002,DEP00001,G00001,D00001,CUST0000412519,LA,OA,994101800422170,S,MM,Small Shop,Fresh,STORE02599,LS,W01
250997,200624,20060812,1155340800,7,11,3,3.54,PRD0901224,CL00202,DEP00067,G00021,D00005,CUST0000787265,UM,OA,994101800648293,M,UM,Small Shop,Nonfood,STORE02848,MS,N03
251157,200624,20060812,1155340800,7,11,1,1.23,PRD0903918,CL00202,DEP00067,G00021,D00005,CUST0000787265,UM,OA,994101800648293,M,UM,Small Shop,Nonfood,STORE02848,MS,N03
77372,200625,20060820,1156032000,1,15,1,6.51,PRD0900922,CL00058,DEP00016,G00006,D00002,CUST0000461536,UM,PE,994101900455454,S,UM,Small Shop,Fresh,STORE00897,LS,S03
77491,200625,20060820,1156032000,1,15,1,1.79,PRD0902282,CL00083,DEP00023,G00007,D00002,CUST0000461536,UM,PE,994101900455454,S,UM,Small Shop,Fresh,STORE00897,LS,S03
78158,200625,20060814,1155513600,2,14,1,0.81,PRD0904963,CL00150,DEP00052,G00015,D00003,CUST0000348643,MM,OT,994101900385785,S,MM,Small Shop,Grocery,STORE00910,MS,S01
252911,200625,20060814,1155513600,2,12,4,4.72,PRD0901224,CL00202,DEP00067,G00021,D00005,CUST0000787265,UM,OA,994101900658200,M,UM,Small Shop,Nonfood,STORE02848,MS,N03
22938,200626,20060824,1156377600,5,13,1,1.12,PRD0902789,CL00079,DEP00022,G00007,D00002,CUST0000880709,LA,OA,994102000713968,S,MM,Small Shop,Fresh,STORE00277,LS,N01
141801,200626,20060822,1156204800,3,15,1,3.61,PRD0903524,CL00079,DEP00022,G00007,D00002,CUST0000395612,UM,OA,994102000410722,S,MM,Small Shop,Fresh,STORE01546,LS,W02
145730,200626,20060821,1156118400,2,8,3,1.32,PRD0902735,CL00020,DEP00005,G00003,D00001,CUST0000636720,MM,OT,994102000561450,M,MM,Small Shop,Fresh,STORE01604,XLS,W01
145731,200626,20060823,1156291200,4,11,3,1.32,PRD0902735,CL00020,DEP00005,G00003,D00001,CUST0000636720,MM,OT,994102000561451,M,MM,Small Shop,Fresh,STORE01604,XLS,W01
145732,200626,20060821,1156118400,2,9,3,1.32,PRD0902735,CL00020,DEP00005,G00003,D00001,CUST0000636720,MM,OT,994102000561452,M,MM,Small Shop,Fresh,STORE01604,XLS,W01
145733,200626,20060827,1156636800,1,9,3,1.32,PRD0902735,CL00020,DEP00005,G00003,D00001,CUST0000636720,MM,OT,994102000561453,M,MM,Small Shop,Fresh,STORE01604,XLS,W01
146074,200626,20060823,1156291200,4,11,1,1.16,PRD0904813,CL00046,DEP00012,G00004,D00002,CUST0000636720,MM,OT,994102000561451,M,MM,Small Shop,Fresh,STORE01604,XLS,W01
146075,200626,20060821,1156118400,2,9,1,1.16,PRD0904813,CL00046,DEP00012,G00004,D00002,CUST0000636720,MM,OT,994102000561452,M,MM,Small Shop,Fresh,STORE01604,XLS,W01
146076,200626,20060827,1156636800,1,9,1,1.16,PRD0904813,CL00046,DEP00012,G00004,D00002,CUST0000636720,MM,OT,994102000561453,M,MM,Small Shop,Fresh,STORE01604,XLS,W01
146160,200626,20060823,1156291200,4,11,1,0.01,PRD0903678,CL00222,DEP00076,G00023,D00005,CUST0000636720,MM,OT,994102000561451,M,MM,Small Shop,Fresh,STORE01604,XLS,W01
146161,200626,20060821,1156118400,2,9,1,0.01,PRD0903678,CL00222,DEP00076,G00023,D00005,CUST0000636720,MM,OT,994102000561452,M,MM,Small Shop,Fresh,STORE01604,XLS,W01
236337,200626,20060823,1156291200,4,13,1,0.32,PRD0903090,CL00218,DEP00073,G00023,D00005,CUST0000412519,LA,OA,994102000421210,S,MM,Small Shop,Fresh,STORE02599,LS,W01
236360,200626,20060823,1156291200,4,13,1,0.84,PRD0903317,CL00002,DEP00001,G00001,D00001,CUST0000412519,LA,OA,994102000421210,S,MM,Small Shop,Fresh,STORE02599,LS,W01
7247,200627,20060901,1157068800,6,8,1,1.33,PRD0900893,CL00144,DEP00051,G00015,D00003,CUST0000561725,MM,OT,994102100512864,M,LA,Small Shop,Mixed,STORE00059,MS,W02
7286,200627,20060901,1157068800,6,8,1,0.16,PRD0903052,CL00031,DEP00008,G00004,D00002,CUST0000561725,MM,OT,994102100512864,M,LA,Small Shop,Mixed,STORE00059,MS,W02
7330,200627,20060901,1157068800,6,8,1,0.23,PRD0904743,CL00070,DEP00020,G00007,D00002,CUST0000561725,MM,OT,994102100512864,M,LA,Small Shop,Mixed,STORE00059,MS,W02
81611,200627,20060829,1156809600,3,14,1,0.41,PRD0900332,CL00164,DEP00055,G00016,D00003,CUST0000348643,MM,OT,994102100380808,S,MM,Small Shop,Grocery,STORE00910,MS,S01
240111,200627,20060828,1156723200,2,13,1,0.84,PRD0903317,CL00002,DEP00001,G00001,D00001,CUST0000412519,LA,OA,994102100420441,S,MM,Small Shop,Fresh,STORE02599,LS,W01
240112,200627,20060902,1157155200,7,12,1,0.84,PRD0903317,CL00002,DEP00001,G00001,D00001,CUST0000412519,LA,OA,994102100420442,S,MM,Small Shop,Fresh,STORE02599,LS,W01
265082,200627,20060901,1157068800,6,11,4,4.72,PRD0901224,CL00202,DEP00067,G00021,D00005,CUST0000787265,UM,OA,994102100653928,M,UM,Small Shop,Nonfood,STORE02848,MS,N03
81028,200628,20060908,1157673600,6,11,1,1.91,PRD0902282,CL00083,DEP00023,G00007,D00002,CUST0000461536,UM,PE,994102200458831,S,MM,Small Shop,Fresh,STORE00897,LS,S03
82629,200628,20060910,1157846400,1,13,1,0.45,PRD0901872,CL00020,DEP00005,G00003,D00001,CUST0000696999,MM,YF,994102200609348,S,MM,Small Shop,Fresh,STORE00931,LS,N02
148167,200628,20060905,1157414400,3,10,3,1.32,PRD0902735,CL00020,DEP00005,G00003,D00001,CUST0000636720,MM,OT,994102200570647,M,MM,Small Shop,Fresh,STORE01604,XLS,W01
148168,200628,20060909,1157760000,7,9,3,1.32,PRD0902735,CL00020,DEP00005,G00003,D00001,CUST0000636720,MM,OT,994102200570648,M,MM,Small Shop,Fresh,STORE01604,XLS,W01
148623,200628,20060909,1157760000,7,9,1,0.01,PRD0903678,CL00222,DEP00076,G00023,D00005,CUST0000636720,MM,OT,994102200570648,M,MM,Small Shop,Fresh,STORE01604,XLS,W01
237806,200628,20060905,1157414400,3,10,1,0.84,PRD0903317,CL00002,DEP00001,G00001,D00001,CUST0000412519,LA,OA,994102200427297,S,MM,Small Shop,Mixed,STORE02599,LS,W01
237832,200628,20060905,1157414400,3,10,1,0.67,PRD0903588,CL00218,DEP00073,G00023,D00005,CUST0000412519,LA,OA,994102200427297,S,MM,Small Shop,Mixed,STORE02599,LS,W01
261816,200628,20060909,1157760000,7,13,1,0.57,PRD0900087,CL00138,DEP00048,G00013,D00003,CUST0000787265,UM,OA,994102200667209,M,MM,Small Shop,Nonfood,STORE02848,MS,N03
261877,200628,20060909,1157760000,7,13,3,3.54,PRD0901224,CL00202,DEP00067,G00021,D00005,CUST0000787265,UM,OA,994102200667209,M,MM,Small Shop,Nonfood,STORE02848,MS,N03
146896,200629,20060911,1157932800,2,10,1,0.38,PRD0900858,CL00021,DEP00006,G00003,D00001,CUST0000636720,MM,OT,994102300565604,M,MM,Small Shop,Fresh,STORE01604,XLS,W01
147188,200629,20060916,1158364800,7,8,3,1.32,PRD0902735,CL00020,DEP00005,G00003,D00001,CUST0000636720,MM,OT,994102300565600,M,MM,Small Shop,Fresh,STORE01604,XLS,W01
147189,200629,20060913,1158105600,4,11,3,1.32,PRD0902735,CL00020,DEP00005,G00003,D00001,CUST0000636720,MM,OT,994102300565601,M,MM,Small Shop,Fresh,STORE01604,XLS,W01
147190,200629,20060912,1158019200,3,8,3,1.32,PRD0902735,CL00020,DEP00005,G00003,D00001,CUST0000636720,MM,OT,994102300565602,M,MM,Small Shop,Fresh,STORE01604,XLS,W01
147191,200629,20060917,1158451200,1,8,3,1.32,PRD0902735,CL00020,DEP00005,G00003,D00001,CUST0000636720,MM,OT,994102300565603,M,MM,Small Shop,Fresh,STORE01604,XLS,W01
147192,200629,20060911,1157932800,2,10,3,1.32,PRD0902735,CL00020,DEP00005,G00003,D00001,CUST0000636720,MM,OT,994102300565604,M,MM,Small Shop,Fresh,STORE01604,XLS,W01
147529,200629,20060917,1158451200,1,8,1,1.16,PRD0904813,CL00046,DEP00012,G00004,D00002,CUST0000636720,MM,OT,994102300565603,M,MM,Small Shop,Fresh,STORE01604,XLS,W01
147617,200629,20060916,1158364800,7,8,1,0.01,PRD0903678,CL00222,DEP00076,G00023,D00005,CUST0000636720,MM,OT,994102300565600,M,MM,Small Shop,Fresh,STORE01604,XLS,W01
147618,200629,20060913,1158105600,4,11,1,0.01,PRD0903678,CL00222,DEP00076,G00023,D00005,CUST0000636720,MM,OT,994102300565601,M,MM,Small Shop,Fresh,STORE01604,XLS,W01
147619,200629,20060912,1158019200,3,8,1,0.01,PRD0903678,CL00222,DEP00076,G00023,D00005,CUST0000636720,MM,OT,994102300565602,M,MM,Small Shop,Fresh,STORE01604,XLS,W01
147620,200629,20060917,1158451200,1,8,1,0.01,PRD0903678,CL00222,DEP00076,G00023,D00005,CUST0000636720,MM,OT,994102300565603,M,MM,Small Shop,Fresh,STORE01604,XLS,W01
147621,200629,20060911,1157932800,2,10,1,0.01,PRD0903678,CL00222,DEP00076,G00023,D00005,CUST0000636720,MM,OT,994102300565604,M,MM,Small Shop,Fresh,STORE01604,XLS,W01
236494,200629,20060915,1158278400,6,13,1,0.32,PRD0903090,CL00218,DEP00073,G00023,D00005,CUST0000412519,LA,OA,994102300424211,S,MM,Small Shop,Fresh,STORE02599,LS,W01
236509,200629,20060915,1158278400,6,13,1,0.84,PRD0903317,CL00002,DEP00001,G00001,D00001,CUST0000412519,LA,OA,994102300424211,S,MM,Small Shop,Fresh,STORE02599,LS,W01
260216,200629,20060915,1158278400,6,14,4,4.72,PRD0901224,CL00202,DEP00067,G00021,D00005,CUST0000787265,UM,OA,994102300660624,M,UM,Small Shop,Nonfood,STORE02848,MS,N03
15880,200630,20060924,1159056000,1,8,1,0.32,PRD0903090,CL00218,DEP00073,G00023,D00005,CUST0000642947,LA,OT,994102400573151,S,MM,Small Shop,Nonfood,STORE00201,MS,W02
80733,200630,20060924,1159056000,1,12,1,3.18,PRD0901068,CL00058,DEP00016,G00006,D00002,CUST0000461536,UM,PE,994102400458398,S,UM,Small Shop,Fresh,STORE00897,LS,S03
145353,200630,20060918,1158537600,2,11,1,0.56,PRD0903045,CL00169,DEP00056,G00017,D00004,CUST0000395612,UM,OA,994102400417000,S,XX,Small Shop,Nonfood,STORE01546,LS,W02
149429,200630,20060918,1158537600,2,8,3,1.32,PRD0902735,CL00020,DEP00005,G00003,D00001,CUST0000636720,MM,OT,994102400569162,M,MM,Small Shop,Fresh,STORE01604,XLS,W01
149430,200630,20060921,1158796800,5,8,3,1.32,PRD0902735,CL00020,DEP00005,G00003,D00001,CUST0000636720,MM,OT,994102400569163,M,MM,Small Shop,Fresh,STORE01604,XLS,W01
149888,200630,20060918,1158537600,2,8,1,0.01,PRD0903678,CL00222,DEP00076,G00023,D00005,CUST0000636720,MM,OT,994102400569162,M,MM,Small Shop,Fresh,STORE01604,XLS,W01
149889,200630,20060921,1158796800,5,8,1,0.01,PRD0903678,CL00222,DEP00076,G00023,D00005,CUST0000636720,MM,OT,994102400569163,M,MM,Small Shop,Fresh,STORE01604,XLS,W01
239693,200630,20060924,1159056000,1,12,1,0.84,PRD0903317,CL00002,DEP00001,G00001,D00001,CUST0000412519,LA,OA,994102400427674,S,MM,Small Shop,Fresh,STORE02599,LS,W01
7362,200631,20060929,1159488000,6,8,1,1.33,PRD0900893,CL00144,DEP00051,G00015,D00003,CUST0000561725,MM,OT,994102500523129,S,MM,Small Shop,Mixed,STORE00059,MS,W02
7391,200631,20060929,1159488000,6,8,1,0.63,PRD0903052,CL00031,DEP00008,G00004,D00002,CUST0000561725,MM,OT,994102500523129,S,MM,Small Shop,Mixed,STORE00059,MS,W02
22821,200631,20060930,1159574400,7,11,1,2.51,PRD0904766,CL00079,DEP00022,G00007,D00002,CUST0000880709,LA,OA,994102500726979,S,MM,Small Shop,Fresh,STORE00277,LS,N01
192101,200631,20060925,1159142400,2,20,4,6.44,PRD0901459,CL00230,DEP00081,G00027,D00008,CUST0000632033,UM,YA,994102500568194,M,UM,Small Shop,Grocery,STORE02130,MS,W02
239827,200631,20060926,1159228800,3,13,1,0.84,PRD0903317,CL00002,DEP00001,G00001,D00001,CUST0000412519,LA,OA,994102500428893,S,MM,Small Shop,Fresh,STORE02599,LS,W01
80506,200632,20061004,1159920000,4,14,1,0.95,PRD0904525,CL00065,DEP00019,G00007,D00002,CUST0000461536,UM,PE,994102600455720,S,MM,Small Shop,Fresh,STORE00897,LS,S03
189008,200632,20061005,1160006400,5,19,4,6.44,PRD0901459,CL00230,DEP00081,G00027,D00008,CUST0000632033,UM,YA,994102600563366,M,UM,Small Shop,Grocery,STORE02130,MS,W02
189090,200632,20061005,1160006400,5,19,1,0.01,PRD0903678,CL00222,DEP00076,G00023,D00005,CUST0000632033,UM,YA,994102600563366,M,UM,Small Shop,Grocery,STORE02130,MS,W02
234814,200632,20061006,1160092800,6,11,3,2.52,PRD0903317,CL00002,DEP00001,G00001,D00001,CUST0000412519,LA,OA,994102600424943,M,MM,Small Shop,Fresh,STORE02599,LS,W01
234982,200632,20061008,1160265600,1,10,1,0.01,PRD0903678,CL00222,DEP00076,G00023,D00005,CUST0000412519,LA,OA,994102600424944,S,XX,XX,XX,STORE02599,LS,W01
258439,200632,20061003,1159833600,3,12,3,3.54,PRD0901224,CL00202,DEP00067,G00021,D00005,CUST0000787265,UM,OA,994102600661908,M,UM,Small Shop,Nonfood,STORE02848,MS,N03
6362,200633,20061012,1160611200,5,10,1,1.33,PRD0900893,CL00144,DEP00051,G00015,D00003,CUST0000561725,MM,OT,994102700511607,S,MM,Small Shop,Mixed,STORE00059,MS,W02
6380,200633,20061012,1160611200,5,10,1,0.66,PRD0903052,CL00031,DEP00008,G00004,D00002,CUST0000561725,MM,OT,994102700511607,S,MM,Small Shop,Mixed,STORE00059,MS,W02
6381,200633,20061011,1160524800,4,12,1,0.16,PRD0903052,CL00031,DEP00008,G00004,D00002,CUST0000561725,MM,OT,994102700511608,S,MM,Small Shop,Fresh,STORE00059,MS,W02
6405,200633,20061011,1160524800,4,12,1,0.23,PRD0904743,CL00070,DEP00020,G00007,D00002,CUST0000561725,MM,OT,994102700511608,S,MM,Small Shop,Fresh,STORE00059,MS,W02
21290,200633,20061015,1160870400,1,13,1,0.27,PRD0903114,CL00160,DEP00054,G00016,D00003,CUST0000880709,LA,OA,994102700711267,S,MM,Small Shop,Grocery,STORE00277,LS,N01
16023,200634,20061022,1161475200,1,8,3,1.26,PRD0901620,CL00164,DEP00055,G00016,D00003,CUST0000642947,LA,OT,994102800563465,M,MM,Small Shop,Grocery,STORE00201,MS,W02
78909,200634,20061022,1161475200,1,15,1,2.53,PRD0902282,CL00083,DEP00023,G00007,D00002,CUST0000461536,UM,PE,994102800450623,S,UM,Small Shop,Fresh,STORE00897,LS,S03
78980,200634,20061022,1161475200,1,15,1,8.56,PRD0903107,CL00058,DEP00016,G00006,D00002,CUST0000461536,UM,PE,994102800450623,S,UM,Small Shop,Fresh,STORE00897,LS,S03
183666,200634,20061020,1161302400,6,20,1,1.39,PRD0903806,CL00201,DEP00067,G00021,D00005,CUST0000632033,UM,YA,994102800556509,S,LA,Small Shop,Nonfood,STORE02130,MS,W02
229776,200634,20061017,1161043200,3,9,1,0.84,PRD0903317,CL00002,DEP00001,G00001,D00001,CUST0000412519,LA,OA,994102800420159,S,MM,Small Shop,Mixed,STORE02599,LS,W01
229798,200634,20061017,1161043200,3,9,1,0.67,PRD0903588,CL00218,DEP00073,G00023,D00005,CUST0000412519,LA,OA,994102800420159,S,MM,Small Shop,Mixed,STORE02599,LS,W01
254447,200634,20061016,1160956800,2,21,1,0.49,PRD0904363,CL00075,DEP00022,G00007,D00002,CUST0000746645,UM,YF,994102800628154,S,LA,Small Shop,Fresh,STORE02863,LS,S02
7555,200635,20061026,1161820800,5,10,1,1.33,PRD0900893,CL00144,DEP00051,G00015,D00003,CUST0000561725,MM,OT,994102900505981,S,LA,Small Shop,Grocery,STORE00059,MS,W02
7587,200635,20061023,1161561600,2,8,1,0.59,PRD0903052,CL00031,DEP00008,G00004,D00002,CUST0000561725,MM,OT,994102900505980,S,MM,Small Shop,Fresh,STORE00059,MS,W02
7618,200635,20061023,1161561600,2,8,1,0.23,PRD0904743,CL00070,DEP00020,G00007,D00002,CUST0000561725,MM,OT,994102900505980,S,MM,Small Shop,Fresh,STORE00059,MS,W02
154306,200635,20061025,1161734400,4,8,1,0.67,PRD0903588,CL00218,DEP00073,G00023,D00005,CUST0000642947,LA,OT,994102900556192,S,MM,Small Shop,Nonfood,STORE01725,LS,N02
183973,200635,20061025,1161734400,4,16,1,0.01,PRD0903678,CL00222,DEP00076,G00023,D00005,CUST0000632033,UM,YA,994102900549420,S,XX,XX,XX,STORE02130,MS,W02
229072,200635,20061028,1161993600,7,11,1,0.84,PRD0903317,CL00002,DEP00001,G00001,D00001,CUST0000412519,LA,OA,994102900414799,S,MM,Small Shop,Mixed,STORE02599,LS,W01
229088,200635,20061028,1161993600,7,11,1,0.67,PRD0903588,CL00218,DEP00073,G00023,D00005,CUST0000412519,LA,OA,994102900414799,S,MM,Small Shop,Mixed,STORE02599,LS,W01
250583,200635,20061025,1161734400,4,9,3,3.54,PRD0901224,CL00202,DEP00067,G00021,D00005,CUST0000787265,UM,OA,994102900643744,M,UM,Small Shop,Nonfood,STORE02848,MS,N03
22578,200636,20061103,1162512000,6,10,1,0.32,PRD0900574,CL00018,DEP00005,G00003,D00001,CUST0000880709,LA,OA,994103000726550,S,MM,Small Shop,Fresh,STORE00277,LS,N01
80252,200636,20061103,1162512000,6,14,1,2.27,PRD0902282,CL00083,DEP00023,G00007,D00002,CUST0000461536,UM,PE,994103000458997,S,MM,Small Shop,Fresh,STORE00897,LS,S03
238110,200636,20061104,1162598400,7,14,1,0.84,PRD0903317,CL00002,DEP00001,G00001,D00001,CUST0000412519,LA,OA,994103000427801,S,MM,Small Shop,Mixed,STORE02599,LS,W01
238140,200636,20061104,1162598400,7,14,1,0.67,PRD0903588,CL00218,DEP00073,G00023,D00005,CUST0000412519,LA,OA,994103000427801,S,MM,Small Shop,Mixed,STORE02599,LS,W01
52575,200637,20061109,1163030400,5,12,1,0.86,PRD0901887,CL00063,DEP00019,G00007,D00002,CUST0000642947,LA,OT,994103100567638,S,MM,Small Shop,Fresh,STORE00615,LS,W02
52668,200637,20061109,1163030400,5,12,1,0.32,PRD0903090,CL00218,DEP00073,G00023,D00005,CUST0000642947,LA,OT,994103100567638,S,MM,Small Shop,Fresh,STORE00615,LS,W02
66027,200637,20061112,1163289600,1,9,1,0.49,PRD0904363,CL00075,DEP00022,G00007,D00002,CUST0000746645,UM,YF,994103100633962,S,LA,Small Shop,Fresh,STORE00725,LS,S03
74635,200637,20061108,1162944000,4,8,1,0.96,PRD0900689,CL00164,DEP00055,G00016,D00003,CUST0000118701,MM,OT,994103100234688,S,MM,Small Shop,Grocery,STORE00829,XLS,S03
187956,200637,20061107,1162857600,3,15,1,1.61,PRD0901459,CL00230,DEP00081,G00027,D00008,CUST0000632033,UM,YA,994103100560562,S,UM,Small Shop,Grocery,STORE02130,MS,W02
187982,200637,20061107,1162857600,3,15,1,2.08,PRD0902839,CL00230,DEP00081,G00027,D00008,CUST0000632033,UM,YA,994103100560562,S,UM,Small Shop,Grocery,STORE02130,MS,W02
258916,200637,20061109,1163030400,5,14,4,4.72,PRD0901224,CL00202,DEP00067,G00021,D00005,CUST0000787265,UM,OA,994103100659479,M,UM,Small Shop,Nonfood,STORE02848,MS,N03
188731,200638,20061114,1163462400,3,15,1,0.01,PRD0903678,CL00222,DEP00076,G00023,D00005,CUST0000632033,UM,YA,994103200562599,S,XX,XX,XX,STORE02130,MS,W02
74576,200639,20061125,1164412800,7,8,1,0.25,PRD0902049,CL00164,DEP00055,G00016,D00003,CUST0000118701,MM,OT,994103300234786,S,MM,Small Shop,Grocery,STORE00829,XLS,S03
7737,200640,20061203,1165104000,1,11,1,0.46,PRD0903052,CL00031,DEP00008,G00004,D00002,CUST0000561725,MM,OT,994103400524436,S,UM,Small Shop,Fresh,STORE00059,MS,W02
23360,200640,20061203,1165104000,1,11,1,2.51,PRD0904766,CL00079,DEP00022,G00007,D00002,CUST0000880709,LA,OA,994103400732595,S,MM,Small Shop,Fresh,STORE00277,LS,N01
97974,200640,20061130,1164844800,5,10,1,9.48,PRD0903615,CL00188,DEP00062,G00018,D00004,CUST0000050040,XX,,994103400191571,S,XX,Small Shop,Nonfood,STORE01069,MS,E01
259611,200640,20061129,1164758400,4,9,3,2.52,PRD0903317,CL00002,DEP00001,G00001,D00001,CUST0000910832,MM,PE,994103400752501,M,MM,Small Shop,Fresh,STORE02847,LS,N01
259888,200640,20061127,1164585600,2,9,3,3.54,PRD0901224,CL00202,DEP00067,G00021,D00005,CUST0000787265,UM,OA,994103400671150,M,UM,Small Shop,Nonfood,STORE02848,MS,N03
73384,200641,20061207,1165449600,5,11,1,0.96,PRD0900689,CL00164,DEP00055,G00016,D00003,CUST0000118701,MM,OT,994103500230947,S,MM,Small Shop,Grocery,STORE00829,XLS,S03
73554,200641,20061207,1165449600,5,11,1,0.25,PRD0902049,CL00164,DEP00055,G00016,D00003,CUST0000118701,MM,OT,994103500230947,S,MM,Small Shop,Grocery,STORE00829,XLS,S03
184023,200641,20061206,1165363200,4,17,3,0.03,PRD0903678,CL00222,DEP00076,G00023,D00005,CUST0000632033,UM,YA,994103500560220,M,XX,XX,XX,STORE02130,MS,W02
57643,200642,20061214,1166054400,5,8,1,0.45,PRD0901872,CL00020,DEP00005,G00003,D00001,CUST0000395612,UM,OA,994103600415189,M,MM,Small Shop,Fresh,STORE00663,MS,N01
57658,200642,20061214,1166054400,5,8,3,1.32,PRD0902735,CL00020,DEP00005,G00003,D00001,CUST0000395612,UM,OA,994103600415189,M,MM,Small Shop,Fresh,STORE00663,MS,N01
74427,200642,20061211,1165795200,2,8,1,0.25,PRD0902049,CL00164,DEP00055,G00016,D00003,CUST0000118701,MM,OT,994103600234384,S,MM,Small Shop,Grocery,STORE00829,XLS,S03
80275,200642,20061217,1166313600,1,15,1,1.73,PRD0902282,CL00083,DEP00023,G00007,D00002,CUST0000461536,UM,PE,994103600458471,S,MM,Small Shop,Fresh,STORE00897,LS,S03
146777,200642,20061217,1166313600,1,9,5,2.2,PRD0902735,CL00020,DEP00005,G00003,D00001,CUST0000636720,MM,OT,994103600572650,M,MM,Small Shop,Fresh,STORE01604,XLS,W01
147224,200642,20061217,1166313600,1,9,1,0.01,PRD0903678,CL00222,DEP00076,G00023,D00005,CUST0000636720,MM,OT,994103600572650,M,MM,Small Shop,Fresh,STORE01604,XLS,W01
188586,200642,20061214,1166054400,5,13,1,0.62,PRD0903643,CL00002,DEP00001,G00001,D00001,CUST0000632033,UM,YA,994103600569544,S,MM,Small Shop,Fresh,STORE02130,MS,W02
257848,200642,20061211,1165795200,2,13,1,0.98,PRD0900121,CL00063,DEP00019,G00007,D00002,CUST0000910832,MM,PE,994103600752794,M,MM,Small Shop,Fresh,STORE02847,LS,N01
258099,200642,20061211,1165795200,2,12,3,2.52,PRD0903317,CL00002,DEP00001,G00001,D00001,CUST0000910832,MM,PE,994103600752793,M,MM,Small Shop,Fresh,STORE02847,LS,N01
258100,200642,20061211,1165795200,2,13,3,2.52,PRD0903317,CL00002,DEP00001,G00001,D00001,CUST0000910832,MM,PE,994103600752794,M,MM,Small Shop,Fresh,STORE02847,LS,N01
28969,200643,20061218,1166400000,2,12,1,0.27,PRD0903114,CL00160,DEP00054,G00016,D00003,CUST0000880709,LA,OA,994103700852780,S,MM,Small Shop,Grocery,STORE00277,LS,N01
97097,200643,20061219,1166486400,3,9,1,0.37,PRD0901391,CL00214,DEP00071,G00022,D00005,CUST0000118701,MM,OT,994103700282949,S,MM,Small Shop,Mixed,STORE00829,XLS,S03
97188,200643,20061219,1166486400,3,9,1,0.25,PRD0902049,CL00164,DEP00055,G00016,D00003,CUST0000118701,MM,OT,994103700282949,S,MM,Small Shop,Mixed,STORE00829,XLS,S03
308762,200643,20061221,1166659200,5,8,4,3.36,PRD0903317,CL00002,DEP00001,G00001,D00001,CUST0000412519,LA,OA,994103700502952,M,MM,Small Shop,Fresh,STORE02599,LS,W01
55581,200644,20061228,1167264000,5,19,1,1.25,PRD0900066,CL00041,DEP00011,G00004,D00002,CUST0000642947,LA,OT,994103800400302,S,LA,Small Shop,Fresh,STORE00944,MS,E02
55791,200644,20061228,1167264000,5,19,1,1.02,PRD0904887,CL00041,DEP00011,G00004,D00002,CUST0000642947,LA,OT,994103800400302,S,LA,Small Shop,Fresh,STORE00944,MS,E02
102909,200644,20061227,1167177600,4,12,1,0.92,PRD0902819,CL00218,DEP00073,G00023,D00005,CUST0000642947,LA,OT,994103800400301,S,MM,Small Shop,Nonfood,STORE01725,LS,N02
151418,200644,20061230,1167436800,7,14,3,2.52,PRD0903317,CL00002,DEP00001,G00001,D00001,CUST0000412519,LA,OA,994103800298626,M,MM,Small Shop,Fresh,STORE02599,LS,W01
166393,200644,20061230,1167436800,7,13,4,4.72,PRD0901224,CL00202,DEP00067,G00021,D00005,CUST0000787265,UM,OA,994103800464110,M,UM,Small Shop,Nonfood,STORE02848,MS,N03
14099,200645,20070105,1167955200,6,8,1,0.67,PRD0903588,CL00218,DEP00073,G00023,D00005,CUST0000642947,LA,OT,994103900498441,S,MM,Small Shop,Nonfood,STORE00201,MS,W02
20283,200645,20070106,1168041600,7,11,1,0.27,PRD0903114,CL00160,DEP00054,G00016,D00003,CUST0000880709,LA,OA,994103900631134,S,MM,Small Shop,Grocery,STORE00277,LS,N01
20284,200645,20070103,1167782400,4,14,1,0.27,PRD0903114,CL00160,DEP00054,G00016,D00003,CUST0000880709,LA,OA,994103900631135,S,MM,Small Shop,Grocery,STORE00277,LS,N01
74033,200645,20070105,1167955200,6,14,1,0.45,PRD0901872,CL00020,DEP00005,G00003,D00001,CUST0000696999,MM,YF,994103900528376,S,MM,Small Shop,Fresh,STORE00931,LS,N02
74266,200645,20070103,1167782400,4,14,1,0.01,PRD0903678,CL00222,DEP00076,G00023,D00005,CUST0000696999,MM,YF,994103900528375,S,XX,XX,XX,STORE00931,LS,N02
188489,200645,20070103,1167782400,4,10,3,7.47,PRD0904250,CL00045,DEP00011,G00004,D00002,CUST0000922054,LA,OT,994103900654294,M,UM,Small Shop,Fresh,STORE02355,LS,N02
201535,200645,20070101,1167609600,2,12,1,1.56,PRD0903264,CL00079,DEP00022,G00007,D00002,CUST0000375781,MM,OT,994103900350202,S,MM,Small Shop,Fresh,STORE02492,LS,S03
74469,200646,20070111,1168473600,5,8,1,0.37,PRD0901391,CL00214,DEP00071,G00022,D00005,CUST0000118701,MM,OT,994104000228709,S,MM,Small Shop,Mixed,STORE00829,XLS,S03
74551,200646,20070111,1168473600,5,8,1,0.25,PRD0902049,CL00164,DEP00055,G00016,D00003,CUST0000118701,MM,OT,994104000228709,S,MM,Small Shop,Mixed,STORE00829,XLS,S03
82442,200646,20070111,1168473600,5,12,1,0.72,PRD0903338,CL00075,DEP00022,G00007,D00002,CUST0000696999,MM,YF,994104000584384,S,LA,Small Shop,Fresh,STORE00931,LS,N02
157613,200646,20070113,1168646400,7,8,1,0.92,PRD0902819,CL00218,DEP00073,G00023,D00005,CUST0000642947,LA,OT,994104000551220,S,MM,Small Shop,Nonfood,STORE01725,LS,N02
207159,200646,20070114,1168732800,1,10,3,2.7,PRD0901278,CL00045,DEP00011,G00004,D00002,CUST0000922054,LA,OT,994104000723468,M,LA,Small Shop,Fresh,STORE02355,LS,N02
221920,200646,20070114,1168732800,1,14,1,1.56,PRD0903264,CL00079,DEP00022,G00007,D00002,CUST0000375781,MM,OT,994104000387179,S,MM,Small Shop,Fresh,STORE02492,LS,S03
221921,200646,20070109,1168300800,3,11,1,1.56,PRD0903264,CL00079,DEP00022,G00007,D00002,CUST0000375781,MM,OT,994104000387180,S,MM,Small Shop,Fresh,STORE02492,LS,S03
258416,200646,20070114,1168732800,1,12,1,0.63,PRD0900833,CL00164,DEP00055,G00016,D00003,CUST0000746645,UM,YF,994104000615083,S,LA,Small Shop,Mixed,STORE02863,LS,S02
258668,200646,20070114,1168732800,1,12,1,0.49,PRD0904363,CL00075,DEP00022,G00007,D00002,CUST0000746645,UM,YF,994104000615083,S,LA,Small Shop,Mixed,STORE02863,LS,S02
209299,200647,20070115,1168819200,2,13,1,1.01,PRD0903074,CL00045,DEP00011,G00004,D00002,CUST0000922054,LA,OT,994104100727925,S,LA,Small Shop,Fresh,STORE02355,LS,N02
223578,200647,20070119,1169164800,6,8,1,1.56,PRD0903264,CL00079,DEP00022,G00007,D00002,CUST0000375781,MM,OT,994104100388562,S,MM,Small Shop,Fresh,STORE02492,LS,S03
223579,200647,20070119,1169164800,6,12,1,1.56,PRD0903264,CL00079,DEP00022,G00007,D00002,CUST0000375781,MM,OT,994104100388563,S,MM,Small Shop,Fresh,STORE02492,LS,S03
223580,200647,20070116,1168905600,3,10,1,1.56,PRD0903264,CL00079,DEP00022,G00007,D00002,CUST0000375781,MM,OT,994104100388564,S,MM,Small Shop,Fresh,STORE02492,LS,S03
234945,200647,20070115,1168819200,2,9,3,2.52,PRD0903317,CL00002,DEP00001,G00001,D00001,CUST0000412519,LA,OA,994104100411350,M,MM,Small Shop,Fresh,STORE02599,LS,W01
234987,200647,20070115,1168819200,2,9,1,0.67,PRD0903588,CL00218,DEP00073,G00023,D00005,CUST0000412519,LA,OA,994104100411350,M,MM,Small Shop,Fresh,STORE02599,LS,W01
77728,200648,20070127,1169856000,7,8,3,0.75,PRD0902049,CL00164,DEP00055,G00016,D00003,CUST0000118701,MM,OT,994104200234352,M,MM,Small Shop,Grocery,STORE00829,XLS,S03
214591,200648,20070123,1169510400,3,12,3,7.47,PRD0904250,CL00045,DEP00011,G00004,D00002,CUST0000922054,LA,OT,994104200739505,M,UM,Small Shop,Fresh,STORE02355,LS,N02
228850,200648,20070124,1169596800,4,9,1,1.56,PRD0903264,CL00079,DEP00022,G00007,D00002,CUST0000375781,MM,OT,994104200395611,S,MM,Small Shop,Fresh,STORE02492,LS,S03
228851,200648,20070126,1169769600,6,13,1,1.56,PRD0903264,CL00079,DEP00022,G00007,D00002,CUST0000375781,MM,OT,994104200395612,S,MM,Small Shop,Fresh,STORE02492,LS,S03
228852,200648,20070127,1169856000,7,12,1,1.56,PRD0903264,CL00079,DEP00022,G00007,D00002,CUST0000375781,MM,OT,994104200395613,S,MM,Small Shop,Fresh,STORE02492,LS,S03
228853,200648,20070122,1169424000,2,11,1,1.56,PRD0903264,CL00079,DEP00022,G00007,D00002,CUST0000375781,MM,OT,994104200395614,S,MM,Small Shop,Fresh,STORE02492,LS,S03
197086,200649,20070202,1170374400,6,21,1,0.83,PRD0903423,CL00002,DEP00001,G00001,D00001,CUST0000510218,MM,OT,994104300490219,S,UM,Small Shop,Fresh,STORE02152,SS,E02
197137,200649,20070202,1170374400,6,21,1,1.25,PRD0904945,CL00001,DEP00001,G00001,D00001,CUST0000510218,MM,OT,994104300490219,S,UM,Small Shop,Fresh,STORE02152,SS,E02
206379,200649,20070202,1170374400,6,8,1,0.57,PRD0900087,CL00138,DEP00048,G00013,D00003,CUST0000274732,LA,OA,994104300341021,S,LA,Small Shop,Grocery,STORE02266,LS,S03
206404,200649,20070202,1170374400,6,8,1,1.95,PRD0900200,CL00144,DEP00051,G00015,D00003,CUST0000274732,LA,OA,994104300341021,S,LA,Small Shop,Grocery,STORE02266,LS,S03
215623,200649,20070204,1170547200,1,11,3,7.47,PRD0904250,CL00045,DEP00011,G00004,D00002,CUST0000922054,LA,OT,994104300752852,M,UM,Small Shop,Fresh,STORE02355,LS,N02
230592,200649,20070129,1170028800,2,8,1,1.56,PRD0903264,CL00079,DEP00022,G00007,D00002,CUST0000375781,MM,OT,994104300405225,S,MM,Small Shop,Fresh,STORE02492,LS,S03
230593,200649,20070201,1170288000,5,8,1,1.56,PRD0903264,CL00079,DEP00022,G00007,D00002,CUST0000375781,MM,OT,994104300405226,S,MM,Small Shop,Fresh,STORE02492,LS,S03
230678,200649,20070204,1170547200,1,9,1,2.51,PRD0904766,CL00079,DEP00022,G00007,D00002,CUST0000375781,MM,OT,994104300405224,S,MM,Small Shop,Fresh,STORE02492,LS,S03
242664,200649,20070203,1170460800,7,12,1,0.84,PRD0903317,CL00002,DEP00001,G00001,D00001,CUST0000412519,LA,OA,994104300428587,S,MM,Small Shop,Mixed,STORE02599,LS,W01
242696,200649,20070203,1170460800,7,12,1,0.67,PRD0903588,CL00218,DEP00073,G00023,D00005,CUST0000412519,LA,OA,994104300428587,S,MM,Small Shop,Mixed,STORE02599,LS,W01
267511,200649,20070202,1170374400,6,12,4,4.72,PRD0901224,CL00202,DEP00067,G00021,D00005,CUST0000787265,UM,OA,994104300666234,M,UM,Small Shop,Nonfood,STORE02848,MS,N03
78255,200650,20070207,1170806400,4,8,1,0.25,PRD0902049,CL00164,DEP00055,G00016,D00003,CUST0000118701,MM,OT,994104400239658,S,MM,Small Shop,Grocery,STORE00829,XLS,S03
86302,200650,20070205,1170633600,2,14,1,2.51,PRD0904766,CL00079,DEP00022,G00007,D00002,CUST0000696999,MM,YF,994104400605892,S,MM,Small Shop,Fresh,STORE00931,LS,N02
195719,200650,20070211,1171152000,1,16,3,5.91,PRD0900205,CL00230,DEP00081,G00027,D00008,CUST0000632033,UM,YA,994104400564520,M,UM,Small Shop,Grocery,STORE02130,MS,W02
195767,200650,20070211,1171152000,1,16,5,8.05,PRD0901459,CL00230,DEP00081,G00027,D00008,CUST0000632033,UM,YA,994104400564520,M,UM,Small Shop,Grocery,STORE02130,MS,W02
195877,200650,20070211,1171152000,1,16,1,0.8,PRD0904413,CL00205,DEP00069,G00022,D00005,CUST0000632033,UM,YA,994104400564520,M,UM,Small Shop,Grocery,STORE02130,MS,W02
197397,200650,20070209,1170979200,6,21,1,0.85,PRD0900254,CL00001,DEP00001,G00001,D00001,CUST0000510218,MM,OT,994104400486707,S,UM,Small Shop,Fresh,STORE02152,SS,E02
197530,200650,20070209,1170979200,6,21,1,0.83,PRD0903423,CL00002,DEP00001,G00001,D00001,CUST0000510218,MM,OT,994104400486707,S,UM,Small Shop,Fresh,STORE02152,SS,E02
216386,200650,20070209,1170979200,6,12,3,7.47,PRD0904250,CL00045,DEP00011,G00004,D00002,CUST0000922054,LA,OT,994104400749019,M,UM,Small Shop,Fresh,STORE02355,LS,N02
225693,200650,20070205,1170633600,2,10,1,0.63,PRD0900833,CL00164,DEP00055,G00016,D00003,CUST0000787265,UM,OA,994104400662982,S,MM,Small Shop,Grocery,STORE02456,MS,E02
231250,200650,20070206,1170720000,3,13,1,1.56,PRD0903264,CL00079,DEP00022,G00007,D00002,CUST0000375781,MM,OT,994104400401995,S,MM,Small Shop,Fresh,STORE02492,LS,S03
231251,200650,20070209,1170979200,6,11,1,1.56,PRD0903264,CL00079,DEP00022,G00007,D00002,CUST0000375781,MM,OT,994104400401996,S,MM,Small Shop,Fresh,STORE02492,LS,S03
231252,200650,20070205,1170633600,2,12,1,1.56,PRD0903264,CL00079,DEP00022,G00007,D00002,CUST0000375781,MM,OT,994104400401997,S,MM,Small Shop,Fresh,STORE02492,LS,S03
243814,200650,20070211,1171152000,1,8,1,0.84,PRD0903317,CL00002,DEP00001,G00001,D00001,CUST0000412519,LA,OA,994104400425436,S,MM,Small Shop,Fresh,STORE02599,LS,W01
243815,200650,20070211,1171152000,1,13,1,0.84,PRD0903317,CL00002,DEP00001,G00001,D00001,CUST0000412519,LA,OA,994104400425437,S,MM,Small Shop,Fresh,STORE02599,LS,W01
243957,200650,20070211,1171152000,1,8,1,0.01,PRD0903678,CL00222,DEP00076,G00023,D00005,CUST0000412519,LA,OA,994104400425436,S,MM,Small Shop,Fresh,STORE02599,LS,W01
268520,200650,20070211,1171152000,1,12,1,0.84,PRD0903317,CL00002,DEP00001,G00001,D00001,CUST0000910832,MM,PE,994104400741830,S,UM,Small Shop,Fresh,STORE02847,LS,N01
268555,200650,20070211,1171152000,1,12,1,0.97,PRD0903612,CL00063,DEP00019,G00007,D00002,CUST0000910832,MM,PE,994104400741830,S,UM,Small Shop,Fresh,STORE02847,LS,N01
7145,200651,20070214,1171411200,4,8,1,1.33,PRD0900893,CL00144,DEP00051,G00015,D00003,CUST0000561725,MM,OT,994104500527532,S,LA,Small Shop,Grocery,STORE00059,MS,W02
22616,200651,20070212,1171238400,2,12,1,0.27,PRD0903114,CL00160,DEP00054,G00016,D00003,CUST0000880709,LA,OA,994104500733898,S,MM,Small Shop,Grocery,STORE00277,LS,N01
74894,200651,20070212,1171238400,2,10,1,0.25,PRD0902049,CL00164,DEP00055,G00016,D00003,CUST0000118701,MM,OT,994104500240798,S,MM,Small Shop,Grocery,STORE00829,XLS,S03
192265,200651,20070216,1171584000,6,13,1,0.92,PRD0902819,CL00218,DEP00073,G00023,D00005,CUST0000510218,MM,OT,994104500493967,M,UM,Small Shop,Fresh,STORE02152,SS,E02
192287,200651,20070216,1171584000,6,13,1,0.83,PRD0903423,CL00002,DEP00001,G00001,D00001,CUST0000510218,MM,OT,994104500493967,M,UM,Small Shop,Fresh,STORE02152,SS,E02
192324,200651,20070216,1171584000,6,13,3,3.75,PRD0904945,CL00001,DEP00001,G00001,D00001,CUST0000510218,MM,OT,994104500493967,M,UM,Small Shop,Fresh,STORE02152,SS,E02
192337,200651,20070216,1171584000,6,13,1,1.52,PRD0900044,CL00218,DEP00073,G00023,D00005,CUST0000510218,MM,OT,994104500493967,M,UM,Small Shop,Fresh,STORE02152,SS,E02
201588,200651,20070216,1171584000,6,9,1,1.95,PRD0900200,CL00144,DEP00051,G00015,D00003,CUST0000274732,LA,OA,994104500341270,S,LA,Small Shop,Grocery,STORE02266,LS,S03
210688,200651,20070215,1171497600,5,12,3,3.03,PRD0903074,CL00045,DEP00011,G00004,D00002,CUST0000922054,LA,OT,994104500760696,M,LA,Small Shop,Fresh,STORE02355,LS,N02
225606,200651,20070218,1171756800,1,8,1,1.56,PRD0903264,CL00079,DEP00022,G00007,D00002,CUST0000375781,MM,OT,994104500406959,S,MM,Small Shop,Fresh,STORE02492,LS,S03
237212,200651,20070215,1171497600,5,14,1,0.84,PRD0903317,CL00002,DEP00001,G00001,D00001,CUST0000412519,LA,OA,994104500430806,S,MM,Small Shop,Fresh,STORE02599,LS,W01
237359,200651,20070215,1171497600,5,14,1,0.01,PRD0903678,CL00222,DEP00076,G00023,D00005,CUST0000412519,LA,OA,994104500430806,S,MM,Small Shop,Fresh,STORE02599,LS,W01
22755,200652,20070219,1171843200,2,12,1,0.27,PRD0903114,CL00160,DEP00054,G00016,D00003,CUST0000880709,LA,OA,994104600724166,S,MM,Small Shop,Grocery,STORE00277,LS,N01
75393,200652,20070224,1172275200,7,8,1,0.25,PRD0902049,CL00164,DEP00055,G00016,D00003,CUST0000118701,MM,OT,994104600234108,S,MM,Small Shop,Grocery,STORE00829,XLS,S03
112446,200652,20070219,1171843200,2,16,1,9.48,PRD0903615,CL00188,DEP00062,G00018,D00004,CUST0000050040,XX,,994104600189368,S,XX,Small Shop,Nonfood,STORE01230,XLS,S01
23696,200701,20070302,1172793600,6,12,1,0.7,PRD0903460,CL00157,DEP00053,G00016,D00003,CUST0000880709,LA,OA,994104700734647,S,UM,Small Shop,Grocery,STORE00277,LS,N01
76377,200701,20070302,1172793600,6,8,1,0.25,PRD0902049,CL00164,DEP00055,G00016,D00003,CUST0000118701,MM,OT,994104700236178,S,MM,Small Shop,Grocery,STORE00829,XLS,S03
195899,200701,20070227,1172534400,3,16,1,0.01,PRD0903678,CL00222,DEP00076,G00023,D00005,CUST0000632033,UM,YA,994104700571199,S,XX,XX,XX,STORE02130,MS,W02
207244,200701,20070304,1172966400,1,8,1,1.95,PRD0900200,CL00144,DEP00051,G00015,D00003,CUST0000274732,LA,OA,994104700337266,S,LA,Small Shop,Grocery,STORE02266,LS,S03
23078,200702,20070305,1173052800,2,10,1,0.01,PRD0903678,CL00222,DEP00076,G00023,D00005,CUST0000880709,LA,OA,994104800726398,S,XX,XX,XX,STORE00277,LS,N01
82993,200702,20070307,1173225600,4,13,1,2.51,PRD0904766,CL00079,DEP00022,G00007,D00002,CUST0000696999,MM,YF,994104800608014,S,MM,Small Shop,Fresh,STORE00931,LS,N02
137291,200702,20070311,1173571200,1,8,3,2.01,PRD0903588,CL00218,DEP00073,G00023,D00005,CUST0000166972,LA,OT,994104800265902,M,MM,Small Shop,Nonfood,STORE01475,LS,S02
189406,200702,20070310,1173484800,7,19,1,0.01,PRD0903678,CL00222,DEP00076,G00023,D00005,CUST0000632033,UM,YA,994104800566077,S,XX,XX,XX,STORE02130,MS,W02
190882,200702,20070310,1173484800,7,13,1,1.25,PRD0904945,CL00001,DEP00001,G00001,D00001,CUST0000510218,MM,OT,994104800486552,S,MM,Small Shop,Fresh,STORE02152,SS,E02
200215,200702,20070305,1173052800,2,13,1,0.57,PRD0900087,CL00138,DEP00048,G00013,D00003,CUST0000274732,LA,OA,994104800335007,M,LA,Small Shop,Grocery,STORE02266,LS,S03
200229,200702,20070305,1173052800,2,13,1,1.95,PRD0900200,CL00144,DEP00051,G00015,D00003,CUST0000274732,LA,OA,994104800335007,M,LA,Small Shop,Grocery,STORE02266,LS,S03
200497,200702,20070305,1173052800,2,13,1,0.63,PRD0903564,CL00065,DEP00019,G00007,D00002,CUST0000274732,LA,OA,994104800335007,M,LA,Small Shop,Grocery,STORE02266,LS,S03
235178,200702,20070308,1173312000,5,13,1,0.84,PRD0903317,CL00002,DEP00001,G00001,D00001,CUST0000412519,LA,OA,994104800423831,M,MM,Small Shop,Mixed,STORE02599,LS,W01
235212,200702,20070308,1173312000,5,13,1,0.67,PRD0903588,CL00218,DEP00073,G00023,D00005,CUST0000412519,LA,OA,994104800423831,M,MM,Small Shop,Mixed,STORE02599,LS,W01
235350,200702,20070308,1173312000,5,13,1,0.01,PRD0903678,CL00222,DEP00076,G00023,D00005,CUST0000412519,LA,OA,994104800423831,M,MM,Small Shop,Mixed,STORE02599,LS,W01
22865,200703,20070318,1174176000,1,13,1,0.27,PRD0903114,CL00160,DEP00054,G00016,D00003,CUST0000880709,LA,OA,994104900749231,S,MM,Small Shop,Grocery,STORE00277,LS,N01
62679,200703,20070312,1173657600,2,18,1,0.84,PRD0903317,CL00002,DEP00001,G00001,D00001,CUST0000910832,MM,PE,994104900769554,M,MM,Small Shop,Fresh,STORE00704,MS,S03
62768,200703,20070312,1173657600,2,18,4,0.04,PRD0903678,CL00222,DEP00076,G00023,D00005,CUST0000910832,MM,PE,994104900769554,M,MM,Small Shop,Fresh,STORE00704,MS,S03
79452,200703,20070314,1173830400,4,9,1,5.28,PRD0900922,CL00058,DEP00016,G00006,D00002,CUST0000461536,UM,PE,994104900470392,S,UM,Small Shop,Fresh,STORE00897,LS,S03
136072,200703,20070313,1173744000,3,8,3,2.01,PRD0903588,CL00218,DEP00073,G00023,D00005,CUST0000166972,LA,OT,994104900274874,M,MM,Small Shop,Nonfood,STORE01475,LS,S02
200231,200703,20070313,1173744000,3,12,1,0.17,PRD0900167,CL00130,DEP00047,G00013,D00003,CUST0000274732,LA,OA,994104900346158,S,LA,Small Shop,Grocery,STORE02266,LS,S03
200237,200703,20070313,1173744000,3,12,1,1.95,PRD0900200,CL00144,DEP00051,G00015,D00003,CUST0000274732,LA,OA,994104900346158,S,LA,Small Shop,Grocery,STORE02266,LS,S03
236501,200703,20070318,1174176000,1,13,1,0.84,PRD0903317,CL00002,DEP00001,G00001,D00001,CUST0000412519,LA,OA,994104900438101,M,MM,Small Shop,Mixed,STORE02599,LS,W01
236526,200703,20070318,1174176000,1,13,1,0.67,PRD0903588,CL00218,DEP00073,G00023,D00005,CUST0000412519,LA,OA,994104900438101,M,MM,Small Shop,Mixed,STORE02599,LS,W01
236670,200703,20070318,1174176000,1,13,1,0.01,PRD0903678,CL00222,DEP00076,G00023,D00005,CUST0000412519,LA,OA,994104900438101,M,MM,Small Shop,Mixed,STORE02599,LS,W01
260165,200703,20070317,1174089600,7,18,1,0.98,PRD0900121,CL00063,DEP00019,G00007,D00002,CUST0000910832,MM,PE,994104900769553,S,MM,Small Shop,Fresh,STORE02847,LS,N01
260439,200703,20070317,1174089600,7,9,1,0.84,PRD0903317,CL00002,DEP00001,G00001,D00001,CUST0000910832,MM,PE,994104900769555,S,MM,Small Shop,Fresh,STORE02847,LS,N01
260712,200703,20070314,1173830400,4,15,3,3.54,PRD0901224,CL00202,DEP00067,G00021,D00005,CUST0000787265,UM,OA,994104900687084,M,UM,Small Shop,Nonfood,STORE02848,MS,N03
15730,200704,20070319,1174262400,2,9,3,1.26,PRD0901620,CL00164,DEP00055,G00016,D00003,CUST0000642947,LA,OT,994105000577525,M,MM,Small Shop,Grocery,STORE00201,MS,W02
22882,200704,20070322,1174521600,5,9,1,0.27,PRD0903114,CL00160,DEP00054,G00016,D00003,CUST0000880709,LA,OA,994105000731720,S,MM,Small Shop,Grocery,STORE00277,LS,N01
73988,200704,20070323,1174608000,6,8,1,0.25,PRD0902049,CL00164,DEP00055,G00016,D00003,CUST0000118701,MM,OT,994105000238554,S,MM,Small Shop,Grocery,STORE00829,XLS,S03
73989,200704,20070319,1174262400,2,8,1,0.25,PRD0902049,CL00164,DEP00055,G00016,D00003,CUST0000118701,MM,OT,994105000238555,S,MM,Small Shop,Grocery,STORE00829,XLS,S03
80857,200704,20070323,1174608000,6,15,1,2.06,PRD0903618,CL00163,DEP00055,G00016,D00003,CUST0000348643,MM,OT,994105000387102,S,MM,Small Shop,Grocery,STORE00910,MS,S01
82303,200704,20070321,1174435200,4,10,1,2.51,PRD0904766,CL00079,DEP00022,G00007,D00002,CUST0000696999,MM,YF,994105000612301,S,MM,Small Shop,Fresh,STORE00931,LS,N02
82354,200704,20070321,1174435200,4,10,1,0.01,PRD0903678,CL00222,DEP00076,G00023,D00005,CUST0000696999,MM,YF,994105000612301,S,MM,Small Shop,Fresh,STORE00931,LS,N02
136464,200704,20070322,1174521600,5,10,3,2.01,PRD0903588,CL00218,DEP00073,G00023,D00005,CUST0000166972,LA,OT,994105000269826,M,MM,Small Shop,Nonfood,STORE01475,LS,S02
136638,200704,20070322,1174521600,5,10,1,0.01,PRD0903678,CL00222,DEP00076,G00023,D00005,CUST0000166972,LA,OT,994105000269826,M,MM,Small Shop,Nonfood,STORE01475,LS,S02
189011,200704,20070325,1174780800,1,18,3,0.03,PRD0903678,CL00222,DEP00076,G00023,D00005,CUST0000632033,UM,YA,994105000570285,M,XX,XX,XX,STORE02130,MS,W02
199592,200704,20070321,1174435200,4,12,1,0.57,PRD0900087,CL00138,DEP00048,G00013,D00003,CUST0000274732,LA,OA,994105000339464,S,LA,Small Shop,Grocery,STORE02266,LS,S03
199606,200704,20070321,1174435200,4,12,1,1.95,PRD0900200,CL00144,DEP00051,G00015,D00003,CUST0000274732,LA,OA,994105000339464,S,LA,Small Shop,Grocery,STORE02266,LS,S03
235628,200704,20070321,1174435200,4,9,1,0.84,PRD0903317,CL00002,DEP00001,G00001,D00001,CUST0000412519,LA,OA,994105000428358,S,MM,Small Shop,Fresh,STORE02599,LS,W01
235629,200704,20070319,1174262400,2,11,1,0.84,PRD0903317,CL00002,DEP00001,G00001,D00001,CUST0000412519,LA,OA,994105000428359,M,MM,Small Shop,Mixed,STORE02599,LS,W01
235665,200704,20070319,1174262400,2,11,1,0.67,PRD0903588,CL00218,DEP00073,G00023,D00005,CUST0000412519,LA,OA,994105000428359,M,MM,Small Shop,Mixed,STORE02599,LS,W01
235823,200704,20070321,1174435200,4,9,1,0.01,PRD0903678,CL00222,DEP00076,G00023,D00005,CUST0000412519,LA,OA,994105000428358,S,MM,Small Shop,Fresh,STORE02599,LS,W01
235824,200704,20070319,1174262400,2,11,1,0.01,PRD0903678,CL00222,DEP00076,G00023,D00005,CUST0000412519,LA,OA,994105000428359,M,MM,Small Shop,Mixed,STORE02599,LS,W01
82598,200705,20070330,1175212800,6,12,3,1.23,PRD0900332,CL00164,DEP00055,G00016,D00003,CUST0000348643,MM,OT,994105100392225,M,MM,Small Shop,Grocery,STORE00910,MS,S01
113344,200705,20070330,1175212800,6,15,1,9.48,PRD0903615,CL00188,DEP00062,G00018,D00004,CUST0000050040,XX,,994105100198245,S,XX,Small Shop,Nonfood,STORE01230,XLS,S01
192089,200705,20070331,1175299200,7,21,1,0.83,PRD0903423,CL00002,DEP00001,G00001,D00001,CUST0000510218,MM,OT,994105100497005,S,UM,Small Shop,Fresh,STORE02152,SS,E02
192135,200705,20070331,1175299200,7,21,1,1.25,PRD0904945,CL00001,DEP00001,G00001,D00001,CUST0000510218,MM,OT,994105100497005,S,UM,Small Shop,Fresh,STORE02152,SS,E02
201121,200705,20070327,1174953600,3,12,1,1.95,PRD0900200,CL00144,DEP00051,G00015,D00003,CUST0000274732,LA,OA,994105100343735,S,LA,Small Shop,Grocery,STORE02266,LS,S03
210193,200705,20070330,1175212800,6,8,3,7.47,PRD0904250,CL00045,DEP00011,G00004,D00002,CUST0000922054,LA,OT,994105100766557,M,UM,Small Shop,Fresh,STORE02355,LS,N02
237544,200705,20070326,1174867200,2,14,1,0.84,PRD0903317,CL00002,DEP00001,G00001,D00001,CUST0000412519,LA,OA,994105100433924,S,MM,Small Shop,Fresh,STORE02599,LS,W01
237708,200705,20070326,1174867200,2,14,1,0.01,PRD0903678,CL00222,DEP00076,G00023,D00005,CUST0000412519,LA,OA,994105100433924,S,MM,Small Shop,Fresh,STORE02599,LS,W01
49511,200706,20070403,1175558400,3,12,1,0.32,PRD0903090,CL00218,DEP00073,G00023,D00005,CUST0000166972,LA,OT,994105200273061,S,UM,Small Shop,Fresh,STORE00574,LS,N01
49686,200706,20070403,1175558400,3,12,1,2.38,PRD0902115,CL00100,DEP00033,G00009,D00002,CUST0000166972,LA,OT,994105200273061,S,UM,Small Shop,Fresh,STORE00574,LS,N01
74487,200706,20070408,1175990400,1,9,1,0.25,PRD0902049,CL00164,DEP00055,G00016,D00003,CUST0000118701,MM,OT,994105200242526,S,MM,Small Shop,Grocery,STORE00829,XLS,S03
80271,200706,20070404,1175644800,4,10,1,1.67,PRD0902282,CL00083,DEP00023,G00007,D00002,CUST0000461536,UM,PE,994105200459087,S,MM,Small Shop,Fresh,STORE00897,LS,S03
82318,200706,20070403,1175558400,3,13,1,0.01,PRD0903678,CL00222,DEP00076,G00023,D00005,CUST0000696999,MM,YF,994105200608049,S,XX,XX,XX,STORE00931,LS,N02
96445,200706,20070403,1175558400,3,10,3,1.02,PRD0903256,CL00063,DEP00019,G00007,D00002,CUST0000050040,XX,,994105200198821,M,MM,Small Shop,Mixed,STORE01069,MS,E01
96536,200706,20070403,1175558400,3,10,4,0.64,PRD0904816,CL00167,DEP00055,G00016,D00003,CUST0000050040,XX,,994105200198821,M,MM,Small Shop,Mixed,STORE01069,MS,E01
137157,200706,20070405,1175731200,5,8,1,0.67,PRD0903588,CL00218,DEP00073,G00023,D00005,CUST0000166972,LA,OT,994105200273060,S,MM,Small Shop,Nonfood,STORE01475,LS,S02
143321,200706,20070404,1175644800,4,13,1,3.61,PRD0903524,CL00079,DEP00022,G00007,D00002,CUST0000395612,UM,OA,994105200417283,S,MM,Small Shop,Fresh,STORE01546,LS,W02
189544,200706,20070407,1175904000,7,20,1,0.01,PRD0903678,CL00222,DEP00076,G00023,D00005,CUST0000632033,UM,YA,994105200566873,S,XX,XX,XX,STORE02130,MS,W02
190886,200706,20070403,1175558400,3,21,1,0.83,PRD0903423,CL00002,DEP00001,G00001,D00001,CUST0000510218,MM,OT,994105200489776,M,UM,Small Shop,Fresh,STORE02152,SS,E02
190889,200706,20070403,1175558400,3,21,1,0.65,PRD0903567,CL00038,DEP00010,G00004,D00002,CUST0000510218,MM,OT,994105200489776,M,UM,Small Shop,Fresh,STORE02152,SS,E02
190928,200706,20070403,1175558400,3,21,3,3.75,PRD0904945,CL00001,DEP00001,G00001,D00001,CUST0000510218,MM,OT,994105200489776,M,UM,Small Shop,Fresh,STORE02152,SS,E02
190929,200706,20070405,1175731200,5,8,3,3.75,PRD0904945,CL00001,DEP00001,G00001,D00001,CUST0000510218,MM,OT,994105200489777,M,MM,Small Shop,Fresh,STORE02152,SS,E02
209810,200706,20070405,1175731200,5,8,1,2.49,PRD0904250,CL00045,DEP00011,G00004,D00002,CUST0000922054,LA,OT,994105200751416,S,UM,Small Shop,Fresh,STORE02355,LS,N02
236935,200706,20070403,1175558400,3,11,1,0.84,PRD0903317,CL00002,DEP00001,G00001,D00001,CUST0000412519,LA,OA,994105200428081,S,MM,Small Shop,Fresh,STORE02599,LS,W01
237110,200706,20070403,1175558400,3,11,1,0.15,PRD0900949,CL00218,DEP00073,G00023,D00005,CUST0000412519,LA,OA,994105200428081,S,MM,Small Shop,Fresh,STORE02599,LS,W01
261054,200706,20070407,1175904000,7,14,3,2.52,PRD0903317,CL00002,DEP00001,G00001,D00001,CUST0000910832,MM,PE,994105200744251,M,MM,Small Shop,Fresh,STORE02847,LS,N01
261408,200706,20070405,1175731200,5,8,6,7.08,PRD0901224,CL00202,DEP00067,G00021,D00005,CUST0000787265,UM,OA,994105200665393,M,UM,Small Shop,Nonfood,STORE02848,MS,N03
83261,200707,20070414,1176508800,7,16,1,0.75,PRD0904335,CL00020,DEP00005,G00003,D00001,CUST0000696999,MM,YF,994105300605678,S,MM,Small Shop,Fresh,STORE00931,LS,N02
83316,200707,20070414,1176508800,7,16,1,0.01,PRD0903678,CL00222,DEP00076,G00023,D00005,CUST0000696999,MM,YF,994105300605678,S,MM,Small Shop,Fresh,STORE00931,LS,N02
137703,200707,20070415,1176595200,1,11,1,0.67,PRD0903588,CL00218,DEP00073,G00023,D00005,CUST0000166972,LA,OT,994105300273317,S,MM,Small Shop,Nonfood,STORE01475,LS,S02
16032,200708,20070417,1176768000,3,9,1,0.42,PRD0901620,CL00164,DEP00055,G00016,D00003,CUST0000642947,LA,OT,994105400586698,S,MM,Small Shop,Grocery,STORE00201,MS,W02
78155,200708,20070417,1176768000,3,8,1,0.25,PRD0902049,CL00164,DEP00055,G00016,D00003,CUST0000118701,MM,OT,994105400247135,S,MM,Small Shop,Grocery,STORE00829,XLS,S03
114691,200708,20070421,1177113600,7,18,1,9.48,PRD0903615,CL00188,DEP00062,G00018,D00004,CUST0000050040,XX,,994105400202637,S,XX,Small Shop,Nonfood,STORE01230,XLS,S01
140876,200708,20070416,1176681600,2,11,3,2.01,PRD0903588,CL00218,DEP00073,G00023,D00005,CUST0000166972,LA,OT,994105400278296,M,MM,Small Shop,Nonfood,STORE01475,LS,S02
195757,200708,20070420,1177027200,6,21,3,2.49,PRD0903423,CL00002,DEP00001,G00001,D00001,CUST0000510218,MM,OT,994105400500126,M,UM,Small Shop,Fresh,STORE02152,SS,E02
195758,200708,20070418,1176854400,4,8,1,0.83,PRD0903423,CL00002,DEP00001,G00001,D00001,CUST0000510218,MM,OT,994105400500127,M,UM,Small Shop,Fresh,STORE02152,SS,E02
195761,200708,20070418,1176854400,4,8,1,0.67,PRD0903588,CL00218,DEP00073,G00023,D00005,CUST0000510218,MM,OT,994105400500127,M,UM,Small Shop,Fresh,STORE02152,SS,E02
195790,200708,20070420,1177027200,6,21,3,3.75,PRD0904945,CL00001,DEP00001,G00001,D00001,CUST0000510218,MM,OT,994105400500126,M,UM,Small Shop,Fresh,STORE02152,SS,E02
195791,200708,20070418,1176854400,4,8,3,3.75,PRD0904945,CL00001,DEP00001,G00001,D00001,CUST0000510218,MM,OT,994105400500127,M,UM,Small Shop,Fresh,STORE02152,SS,E02
195804,200708,20070418,1176854400,4,8,1,1.22,PRD0900465,CL00218,DEP00073,G00023,D00005,CUST0000510218,MM,OT,994105400500127,M,UM,Small Shop,Fresh,STORE02152,SS,E02
214881,200708,20070420,1177027200,6,10,1,2.49,PRD0904250,CL00045,DEP00011,G00004,D00002,CUST0000922054,LA,OT,994105400768491,S,UM,Small Shop,Fresh,STORE02355,LS,N02
241877,200708,20070416,1176681600,2,10,1,0.84,PRD0903317,CL00002,DEP00001,G00001,D00001,CUST0000412519,LA,OA,994105400436966,S,MM,Small Shop,Mixed,STORE02599,LS,W01
241904,200708,20070416,1176681600,2,10,1,0.67,PRD0903588,CL00218,DEP00073,G00023,D00005,CUST0000412519,LA,OA,994105400436966,S,MM,Small Shop,Mixed,STORE02599,LS,W01
7260,200709,20070427,1177632000,6,10,1,1.33,PRD0900893,CL00144,DEP00051,G00015,D00003,CUST0000561725,MM,OT,994105500533659,S,LA,Small Shop,Grocery,STORE00059,MS,W02
115516,200709,20070424,1177372800,3,18,1,9.48,PRD0903615,CL00188,DEP00062,G00018,D00004,CUST0000050040,XX,,994105500202318,S,MM,Small Shop,Nonfood,STORE01230,XLS,S01
115728,200709,20070424,1177372800,3,18,1,1.89,PRD0902959,CL00079,DEP00022,G00007,D00002,CUST0000050040,XX,,994105500202318,S,MM,Small Shop,Nonfood,STORE01230,XLS,S01
141332,200709,20070426,1177545600,5,9,3,2.01,PRD0903588,CL00218,DEP00073,G00023,D00005,CUST0000166972,LA,OT,994105500278216,M,MM,Small Shop,Nonfood,STORE01475,LS,S02
195006,200709,20070429,1177804800,1,8,1,0.83,PRD0903423,CL00002,DEP00001,G00001,D00001,CUST0000510218,MM,OT,994105500500300,M,UM,Small Shop,Fresh,STORE02152,SS,E02
195037,200709,20070429,1177804800,1,8,3,3.75,PRD0904945,CL00001,DEP00001,G00001,D00001,CUST0000510218,MM,OT,994105500500300,M,UM,Small Shop,Fresh,STORE02152,SS,E02
214000,200709,20070428,1177718400,7,8,1,2.49,PRD0904250,CL00045,DEP00011,G00004,D00002,CUST0000922054,LA,OT,994105500768021,S,UM,Small Shop,Fresh,STORE02355,LS,N02
242071,200709,20070426,1177545600,5,8,1,0.84,PRD0903317,CL00002,DEP00001,G00001,D00001,CUST0000412519,LA,OA,994105500437300,S,MM,Small Shop,Mixed,STORE02599,LS,W01
242094,200709,20070426,1177545600,5,8,1,0.67,PRD0903588,CL00218,DEP00073,G00023,D00005,CUST0000412519,LA,OA,994105500437300,S,MM,Small Shop,Mixed,STORE02599,LS,W01
83102,200710,20070506,1178409600,1,14,1,2.34,PRD0902282,CL00083,DEP00023,G00007,D00002,CUST0000461536,UM,PE,994105600472880,S,MM,Small Shop,Fresh,STORE00897,LS,S03
83850,200710,20070506,1178409600,1,16,1,2.06,PRD0903618,CL00163,DEP00055,G00016,D00003,CUST0000348643,MM,OT,994105600399094,S,MM,Small Shop,Grocery,STORE00910,MS,S01
141016,200710,20070501,1177977600,3,9,3,2.01,PRD0903588,CL00218,DEP00073,G00023,D00005,CUST0000166972,LA,OT,994105600280811,M,MM,Small Shop,Nonfood,STORE01475,LS,S02
77686,200711,20070512,1178928000,7,9,1,0.25,PRD0902049,CL00164,DEP00055,G00016,D00003,CUST0000118701,MM,OT,994105700244704,S,MM,Small Shop,Grocery,STORE00829,XLS,S03
115022,200711,20070513,1179014400,1,12,1,9.48,PRD0903615,CL00188,DEP00062,G00018,D00004,CUST0000050040,XX,,994105700201291,S,XX,Small Shop,Nonfood,STORE01230,XLS,S01
140982,200711,20070509,1178668800,4,11,1,0.67,PRD0903588,CL00218,DEP00073,G00023,D00005,CUST0000166972,LA,OT,994105700275122,S,MM,Small Shop,Nonfood,STORE01475,LS,S02
211814,200711,20070509,1178668800,4,13,3,7.47,PRD0904250,CL00045,DEP00011,G00004,D00002,CUST0000922054,LA,OT,994105700752707,M,UM,Small Shop,Fresh,STORE02355,LS,N02
238744,200711,20070512,1178928000,7,11,1,0.84,PRD0903317,CL00002,DEP00001,G00001,D00001,CUST0000412519,LA,OA,994105700430789,M,MM,Small Shop,Mixed,STORE02599,LS,W01
238772,200711,20070512,1178928000,7,11,1,0.67,PRD0903588,CL00218,DEP00073,G00023,D00005,CUST0000412519,LA,OA,994105700430789,M,MM,Small Shop,Mixed,STORE02599,LS,W01
238924,200711,20070512,1178928000,7,11,1,0.01,PRD0903678,CL00222,DEP00076,G00023,D00005,CUST0000412519,LA,OA,994105700430789,M,MM,Small Shop,Mixed,STORE02599,LS,W01
23369,200712,20070517,1179360000,5,14,1,2.51,PRD0904766,CL00079,DEP00022,G00007,D00002,CUST0000880709,LA,OA,994105800736195,S,MM,Small Shop,Fresh,STORE00277,LS,N01
83256,200712,20070518,1179446400,6,15,1,2.43,PRD0902282,CL00083,DEP00023,G00007,D00002,CUST0000461536,UM,PE,994105800465004,S,MM,Small Shop,Fresh,STORE00897,LS,S03
84028,200712,20070520,1179619200,1,12,3,1.53,PRD0903987,CL00164,DEP00055,G00016,D00003,CUST0000348643,MM,OT,994105800392222,M,MM,Small Shop,Grocery,STORE00910,MS,S01
139452,200712,20070515,1179187200,3,8,3,2.01,PRD0903588,CL00218,DEP00073,G00023,D00005,CUST0000166972,LA,OT,994105800275447,M,MM,Small Shop,Nonfood,STORE01475,LS,S02
145257,200712,20070514,1179100800,2,13,1,1.73,PRD0902439,CL00063,DEP00019,G00007,D00002,CUST0000395612,UM,OA,994105800422627,S,MM,Small Shop,Fresh,STORE01546,LS,W02
192049,200712,20070518,1179446400,6,10,1,0.67,PRD0903588,CL00218,DEP00073,G00023,D00005,CUST0000510218,MM,OT,994105800496316,M,MM,Small Shop,Nonfood,STORE02152,SS,E02
192080,200712,20070518,1179446400,6,10,1,1.25,PRD0904945,CL00001,DEP00001,G00001,D00001,CUST0000510218,MM,OT,994105800496316,M,MM,Small Shop,Nonfood,STORE02152,SS,E02
192097,200712,20070518,1179446400,6,10,1,1.22,PRD0900465,CL00218,DEP00073,G00023,D00005,CUST0000510218,MM,OT,994105800496316,M,MM,Small Shop,Nonfood,STORE02152,SS,E02
210042,200712,20070518,1179446400,6,13,1,0.9,PRD0901278,CL00045,DEP00011,G00004,D00002,CUST0000922054,LA,OT,994105800763131,S,MM,Small Shop,Fresh,STORE02355,LS,N02
210199,200712,20070518,1179446400,6,13,1,2.49,PRD0904250,CL00045,DEP00011,G00004,D00002,CUST0000922054,LA,OT,994105800763131,S,MM,Small Shop,Fresh,STORE02355,LS,N02
77563,200713,20070523,1179878400,4,8,1,0.25,PRD0902049,CL00164,DEP00055,G00016,D00003,CUST0000118701,MM,OT,994105900250280,S,MM,Small Shop,Grocery,STORE00829,XLS,S03
77564,200713,20070523,1179878400,4,8,1,0.25,PRD0902049,CL00164,DEP00055,G00016,D00003,CUST0000118701,MM,OT,994105900250281,S,MM,Small Shop,Grocery,STORE00829,XLS,S03
116676,200713,20070525,1180051200,6,13,1,9.48,PRD0903615,CL00188,DEP00062,G00018,D00004,CUST0000050040,XX,,994105900204834,S,XX,Small Shop,Nonfood,STORE01230,XLS,S01
142668,200713,20070523,1179878400,4,9,3,2.01,PRD0903588,CL00218,DEP00073,G00023,D00005,CUST0000166972,LA,OT,994105900282281,M,MM,Small Shop,Nonfood,STORE01475,LS,S02
207437,200713,20070522,1179792000,3,12,1,0.27,PRD0900393,CL00197,DEP00067,G00021,D00005,CUST0000274732,LA,OA,994105900353480,S,LA,Small Shop,Nonfood,STORE02266,LS,S03
244893,200713,20070524,1179964800,5,8,1,0.84,PRD0903317,CL00002,DEP00001,G00001,D00001,CUST0000412519,LA,OA,994105900444806,M,MM,Small Shop,Mixed,STORE02599,LS,W01
244926,200713,20070524,1179964800,5,8,1,0.67,PRD0903588,CL00218,DEP00073,G00023,D00005,CUST0000412519,LA,OA,994105900444806,M,MM,Small Shop,Mixed,STORE02599,LS,W01
245050,200713,20070524,1179964800,5,8,1,0.01,PRD0903678,CL00222,DEP00076,G00023,D00005,CUST0000412519,LA,OA,994105900444806,M,MM,Small Shop,Mixed,STORE02599,LS,W01
271466,200713,20070526,1180137600,7,21,1,0.5,PRD0902963,CL00164,DEP00055,G00016,D00003,CUST0000746645,UM,YF,994105900666269,S,MM,Small Shop,Grocery,STORE02863,LS,S02
22509,200714,20070528,1180310400,2,11,1,2.36,PRD0903789,CL00079,DEP00022,G00007,D00002,CUST0000880709,LA,OA,994106000725680,S,MM,Small Shop,Fresh,STORE00277,LS,N01
47170,200714,20070531,1180569600,5,14,4,4.0,PRD0904090,CL00248,DEP00089,G00030,D00009,CUST0000050040,XX,,994106000200256,M,MM,Small Shop,Grocery,STORE00535,LS,E03
80723,200714,20070528,1180310400,2,12,3,1.53,PRD0903987,CL00164,DEP00055,G00016,D00003,CUST0000348643,MM,OT,994106000389053,M,MM,Small Shop,Grocery,STORE00910,MS,S01
136072,200714,20070601,1180656000,6,8,3,2.01,PRD0903588,CL00218,DEP00073,G00023,D00005,CUST0000166972,LA,OT,994106000274221,M,MM,Small Shop,Nonfood,STORE01475,LS,S02
197141,200714,20070531,1180569600,5,12,1,0.57,PRD0900087,CL00138,DEP00048,G00013,D00003,CUST0000274732,LA,OA,994106000342024,S,LA,Small Shop,Grocery,STORE02266,LS,S03
197154,200714,20070531,1180569600,5,12,1,1.95,PRD0900200,CL00144,DEP00051,G00015,D00003,CUST0000274732,LA,OA,994106000342024,S,LA,Small Shop,Grocery,STORE02266,LS,S03
256970,200714,20070529,1180396800,3,11,1,0.84,PRD0903317,CL00002,DEP00001,G00001,D00001,CUST0000910832,MM,PE,994106000744831,S,MM,Small Shop,Fresh,STORE02847,LS,N01
257376,200714,20070529,1180396800,3,8,6,7.08,PRD0901224,CL00202,DEP00067,G00021,D00005,CUST0000787265,UM,OA,994106000666453,M,UM,Small Shop,Nonfood,STORE02848,MS,N03
81722,200715,20070605,1181001600,3,15,1,1.8,PRD0902282,CL00083,DEP00023,G00007,D00002,CUST0000461536,UM,PE,994106100473458,S,MM,Small Shop,Fresh,STORE00897,LS,S03
92006,200715,20070610,1181433600,1,18,1,8.41,PRD0902904,CL00231,DEP00081,G00027,D00008,CUST0000787265,UM,OA,994106100687674,S,MM,Small Shop,Grocery,STORE01016,LS,E01
139593,200715,20070608,1181260800,6,9,3,2.01,PRD0903588,CL00218,DEP00073,G00023,D00005,CUST0000166972,LA,OT,994106100280199,M,MM,Small Shop,Nonfood,STORE01475,LS,S02
214170,200715,20070606,1181088000,4,9,3,7.47,PRD0904250,CL00045,DEP00011,G00004,D00002,CUST0000922054,LA,OT,994106100776572,M,UM,Small Shop,Fresh,STORE02355,LS,N02
240825,200715,20070607,1181174400,5,12,1,0.84,PRD0903317,CL00002,DEP00001,G00001,D00001,CUST0000412519,LA,OA,994106100441291,M,MM,Small Shop,Mixed,STORE02599,LS,W01
240847,200715,20070607,1181174400,5,12,1,0.67,PRD0903588,CL00218,DEP00073,G00023,D00005,CUST0000412519,LA,OA,994106100441291,M,MM,Small Shop,Mixed,STORE02599,LS,W01
240974,200715,20070607,1181174400,5,12,1,0.01,PRD0903678,CL00222,DEP00076,G00023,D00005,CUST0000412519,LA,OA,994106100441291,M,MM,Small Shop,Mixed,STORE02599,LS,W01
265344,200715,20070606,1181088000,4,18,1,0.84,PRD0903317,CL00002,DEP00001,G00001,D00001,CUST0000910832,MM,PE,994106100769237,S,MM,Small Shop,Fresh,STORE02847,LS,N01
75730,200716,20070613,1181692800,4,9,1,0.25,PRD0902049,CL00164,DEP00055,G00016,D00003,CUST0000118701,MM,OT,994106200247567,S,MM,Small Shop,Grocery,STORE00829,XLS,S03
83630,200716,20070616,1181952000,7,13,1,0.45,PRD0901872,CL00020,DEP00005,G00003,D00001,CUST0000696999,MM,YF,994106200629902,S,MM,Small Shop,Nonfood,STORE00931,LS,N02
83800,200716,20070616,1181952000,7,13,1,9.48,PRD0903615,CL00188,DEP00062,G00018,D00004,CUST0000696999,MM,YF,994106200629902,S,MM,Small Shop,Nonfood,STORE00931,LS,N02
138765,200716,20070614,1181779200,5,10,3,2.01,PRD0903588,CL00218,DEP00073,G00023,D00005,CUST0000166972,LA,OT,994106200279665,M,MM,Small Shop,Nonfood,STORE01475,LS,S02
191228,200716,20070614,1181779200,5,15,1,0.67,PRD0903588,CL00218,DEP00073,G00023,D00005,CUST0000510218,MM,OT,994106200506144,S,MM,Small Shop,Nonfood,STORE02152,SS,E02
191265,200716,20070614,1181779200,5,15,1,1.22,PRD0900465,CL00218,DEP00073,G00023,D00005,CUST0000510218,MM,OT,994106200506144,S,MM,Small Shop,Nonfood,STORE02152,SS,E02
209423,200716,20070611,1181520000,2,8,3,7.47,PRD0904250,CL00045,DEP00011,G00004,D00002,CUST0000922054,LA,OT,994106200779499,M,UM,Small Shop,Fresh,STORE02355,LS,N02
7047,200717,20070620,1182297600,4,9,1,1.33,PRD0900893,CL00144,DEP00051,G00015,D00003,CUST0000561725,MM,OT,994106300535088,S,LA,Small Shop,Grocery,STORE00059,MS,W02
75436,200717,20070619,1182211200,3,18,1,0.25,PRD0902049,CL00164,DEP00055,G00016,D00003,CUST0000118701,MM,OT,994106300247072,S,MM,Small Shop,Grocery,STORE00829,XLS,S03
82229,200717,20070624,1182643200,1,14,1,1.5,PRD0901167,CL00079,DEP00022,G00007,D00002,CUST0000348643,MM,OT,994106300396212,S,MM,Small Shop,Fresh,STORE00910,MS,S01
82251,200717,20070618,1182124800,2,15,1,0.88,PRD0901809,CL00154,DEP00052,G00015,D00003,CUST0000348643,MM,OT,994106300396213,M,MM,Small Shop,Grocery,STORE00910,MS,S01
82309,200717,20070618,1182124800,2,15,1,1.02,PRD0904191,CL00150,DEP00052,G00015,D00003,CUST0000348643,MM,OT,994106300396213,M,MM,Small Shop,Grocery,STORE00910,MS,S01
82313,200717,20070624,1182643200,1,14,1,1.37,PRD0904311,CL00079,DEP00022,G00007,D00002,CUST0000348643,MM,OT,994106300396212,S,MM,Small Shop,Fresh,STORE00910,MS,S01
82359,200717,20070618,1182124800,2,15,1,1.02,PRD0903816,CL00163,DEP00055,G00016,D00003,CUST0000348643,MM,OT,994106300396213,M,MM,Small Shop,Grocery,STORE00910,MS,S01
139023,200717,20070618,1182124800,2,8,3,2.01,PRD0903588,CL00218,DEP00073,G00023,D00005,CUST0000166972,LA,OT,994106300278340,M,MM,Small Shop,Nonfood,STORE01475,LS,S02
146062,200717,20070623,1182556800,7,12,1,1.24,PRD0903294,CL00079,DEP00022,G00007,D00002,CUST0000395612,UM,OA,994106300426921,S,MM,Small Shop,Fresh,STORE01565,MS,W03
146080,200717,20070623,1182556800,7,12,1,1.37,PRD0904311,CL00079,DEP00022,G00007,D00002,CUST0000395612,UM,OA,994106300426921,S,MM,Small Shop,Fresh,STORE01565,MS,W03
237765,200717,20070618,1182124800,2,13,1,0.84,PRD0903317,CL00002,DEP00001,G00001,D00001,CUST0000412519,LA,OA,994106300437919,S,MM,Small Shop,Mixed,STORE02599,LS,W01
237786,200717,20070618,1182124800,2,13,1,0.67,PRD0903588,CL00218,DEP00073,G00023,D00005,CUST0000412519,LA,OA,994106300437919,S,MM,Small Shop,Mixed,STORE02599,LS,W01
77609,200718,20070628,1182988800,5,8,1,0.25,PRD0902049,CL00164,DEP00055,G00016,D00003,CUST0000118701,MM,OT,994106400250015,S,MM,Small Shop,Grocery,STORE00829,XLS,S03
88043,200718,20070628,1182988800,5,8,3,1.26,PRD0901620,CL00164,DEP00055,G00016,D00003,CUST0000642947,LA,OT,994106400593702,M,MM,Small Shop,Grocery,STORE00944,MS,E02
88112,200718,20070628,1182988800,5,8,1,0.32,PRD0903090,CL00218,DEP00073,G00023,D00005,CUST0000642947,LA,OT,994106400593702,M,MM,Small Shop,Grocery,STORE00944,MS,E02
142880,200718,20070627,1182902400,4,9,3,2.01,PRD0903588,CL00218,DEP00073,G00023,D00005,CUST0000166972,LA,OT,994106400281796,M,MM,Small Shop,Nonfood,STORE01475,LS,S02
197512,200718,20070701,1183248000,1,15,1,0.85,PRD0900254,CL00001,DEP00001,G00001,D00001,CUST0000510218,MM,OT,994106400506550,M,MM,Small Shop,Fresh,STORE02152,SS,E02
197541,200718,20070701,1183248000,1,15,1,0.92,PRD0902819,CL00218,DEP00073,G00023,D00005,CUST0000510218,MM,OT,994106400506550,M,MM,Small Shop,Fresh,STORE02152,SS,E02
197567,200718,20070701,1183248000,1,15,3,3.75,PRD0904945,CL00001,DEP00001,G00001,D00001,CUST0000510218,MM,OT,994106400506550,M,MM,Small Shop,Fresh,STORE02152,SS,E02
197572,200718,20070701,1183248000,1,15,1,1.52,PRD0900044,CL00218,DEP00073,G00023,D00005,CUST0000510218,MM,OT,994106400506550,M,MM,Small Shop,Fresh,STORE02152,SS,E02
207525,200718,20070701,1183248000,1,8,3,5.76,PRD0901365,CL00144,DEP00051,G00015,D00003,CUST0000274732,LA,OA,994106400351806,M,MM,Small Shop,Grocery,STORE02266,LS,S03
245346,200718,20070701,1183248000,1,9,1,0.84,PRD0903317,CL00002,DEP00001,G00001,D00001,CUST0000412519,LA,OA,994106400442552,S,MM,Small Shop,Mixed,STORE02599,LS,W01
245392,200718,20070701,1183248000,1,9,1,0.67,PRD0903588,CL00218,DEP00073,G00023,D00005,CUST0000412519,LA,OA,994106400442552,S,MM,Small Shop,Mixed,STORE02599,LS,W01
248613,200718,20070626,1182816000,3,19,1,0.98,PRD0900907,CL00150,DEP00052,G00015,D00003,CUST0000026726,MM,OT,994106400189452,S,MM,Small Shop,Grocery,STORE02648,LS,N03
8227,200719,20070703,1183420800,3,14,1,1.33,PRD0900893,CL00144,DEP00051,G00015,D00003,CUST0000561725,MM,OT,994106500544265,S,LA,Small Shop,Grocery,STORE00059,MS,W02
25019,200719,20070705,1183593600,5,12,1,0.27,PRD0903114,CL00160,DEP00054,G00016,D00003,CUST0000880709,LA,OA,994106500756392,S,MM,Small Shop,Grocery,STORE00277,LS,N01
31893,200719,20070708,1183852800,1,8,4,3.28,PRD0901753,CL00079,DEP00022,G00007,D00002,CUST0000118701,MM,OT,994106500251584,M,MM,Small Shop,Fresh,STORE00343,XLS,W02
31894,200719,20070702,1183334400,2,19,3,2.46,PRD0901753,CL00079,DEP00022,G00007,D00002,CUST0000118701,MM,OT,994106500251585,M,MM,Small Shop,Fresh,STORE00343,XLS,W02
66797,200719,20070708,1183852800,1,14,1,1.65,PRD0901574,CL00213,DEP00070,G00022,D00005,CUST0000910832,MM,PE,994106500776353,S,UM,Small Shop,Nonfood,STORE00704,MS,S03
69107,200719,20070705,1183593600,5,19,1,0.34,PRD0903256,CL00063,DEP00019,G00007,D00002,CUST0000746645,UM,YF,994106500667484,S,MM,Small Shop,Fresh,STORE00725,LS,S03
115538,200719,20070705,1183593600,5,17,1,9.48,PRD0903615,CL00188,DEP00062,G00018,D00004,CUST0000050040,XX,,994106500205886,S,XX,Small Shop,Nonfood,STORE01230,XLS,S01
141307,200719,20070706,1183680000,6,8,3,2.01,PRD0903588,CL00218,DEP00073,G00023,D00005,CUST0000166972,LA,OT,994106500283264,M,MM,Small Shop,Nonfood,STORE01475,LS,S02
188026,200719,20070703,1183420800,3,12,1,0.49,PRD0904363,CL00075,DEP00022,G00007,D00002,CUST0000746645,UM,YF,994106500667485,S,LA,Small Shop,Fresh,STORE02003,LS,E02
195855,200719,20070702,1183334400,2,21,1,0.85,PRD0900254,CL00001,DEP00001,G00001,D00001,CUST0000510218,MM,OT,994106500510065,S,UM,Small Shop,Fresh,STORE02152,SS,E02
195876,200719,20070706,1183680000,6,21,1,0.84,PRD0901212,CL00043,DEP00011,G00004,D00002,CUST0000510218,MM,OT,994106500510064,S,MM,Small Shop,Fresh,STORE02152,SS,E02
195938,200719,20070702,1183334400,2,21,1,0.83,PRD0903423,CL00002,DEP00001,G00001,D00001,CUST0000510218,MM,OT,994106500510065,S,UM,Small Shop,Fresh,STORE02152,SS,E02
245773,200719,20070708,1183852800,1,14,1,9.36,PRD0900822,CL00228,DEP00080,G00026,D00007,CUST0000026726,MM,OT,994106500190136,S,XX,Small Shop,Nonfood,STORE02648,LS,N03
245782,200719,20070703,1183420800,3,8,1,0.98,PRD0900907,CL00150,DEP00052,G00015,D00003,CUST0000026726,MM,OT,994106500190133,S,MM,Small Shop,Grocery,STORE02648,LS,N03
245783,200719,20070705,1183593600,5,17,1,0.98,PRD0900907,CL00150,DEP00052,G00015,D00003,CUST0000026726,MM,OT,994106500190134,M,MM,Small Shop,Mixed,STORE02648,LS,N03
245784,200719,20070702,1183334400,2,8,1,0.98,PRD0900907,CL00150,DEP00052,G00015,D00003,CUST0000026726,MM,OT,994106500190135,S,MM,Small Shop,Grocery,STORE02648,LS,N03
245785,200719,20070707,1183766400,7,21,1,0.98,PRD0900907,CL00150,DEP00052,G00015,D00003,CUST0000026726,MM,OT,994106500190137,M,MM,Small Shop,Mixed,STORE02648,LS,N03
245786,200719,20070705,1183593600,5,21,3,2.94,PRD0900907,CL00150,DEP00052,G00015,D00003,CUST0000026726,MM,OT,994106500190138,M,MM,Small Shop,Grocery,STORE02648,LS,N03
245876,200719,20070707,1183766400,7,21,1,1.75,PRD0901771,CL00079,DEP00022,G00007,D00002,CUST0000026726,MM,OT,994106500190137,M,MM,Small Shop,Mixed,STORE02648,LS,N03
245941,200719,20070705,1183593600,5,17,1,0.28,PRD0902453,CL00160,DEP00054,G00016,D00003,CUST0000026726,MM,OT,994106500190134,M,MM,Small Shop,Mixed,STORE02648,LS,N03
245942,200719,20070707,1183766400,7,21,1,0.28,PRD0902453,CL00160,DEP00054,G00016,D00003,CUST0000026726,MM,OT,994106500190137,M,MM,Small Shop,Mixed,STORE02648,LS,N03
246144,200719,20070705,1183593600,5,17,1,1.37,PRD0904311,CL00079,DEP00022,G00007,D00002,CUST0000026726,MM,OT,994106500190134,M,MM,Small Shop,Mixed,STORE02648,LS,N03
7479,200720,20070711,1184112000,4,9,1,0.84,PRD0903317,CL00002,DEP00001,G00001,D00001,CUST0000412519,LA,OA,994106600444692,S,MM,Small Shop,Fresh,STORE00036,MS,N01
24015,200720,20070711,1184112000,4,10,1,0.27,PRD0903114,CL00160,DEP00054,G00016,D00003,CUST0000880709,LA,OA,994106600751357,S,MM,Small Shop,Grocery,STORE00277,LS,N01
31107,200720,20070712,1184198400,5,8,6,4.92,PRD0901753,CL00079,DEP00022,G00007,D00002,CUST0000118701,MM,OT,994106600252673,M,MM,Small Shop,Fresh,STORE00343,XLS,W02
78104,200720,20070710,1184025600,3,8,1,0.37,PRD0901391,CL00214,DEP00071,G00022,D00005,CUST0000118701,MM,OT,994106600252674,M,MM,Small Shop,Grocery,STORE00829,XLS,S03
78177,200720,20070710,1184025600,3,8,1,0.25,PRD0902049,CL00164,DEP00055,G00016,D00003,CUST0000118701,MM,OT,994106600252674,M,MM,Small Shop,Grocery,STORE00829,XLS,S03
78398,200720,20070710,1184025600,3,8,1,0.21,PRD0904046,CL00164,DEP00055,G00016,D00003,CUST0000118701,MM,OT,994106600252674,M,MM,Small Shop,Grocery,STORE00829,XLS,S03
83867,200720,20070714,1184371200,7,16,1,3.44,PRD0901068,CL00058,DEP00016,G00006,D00002,CUST0000461536,UM,PE,994106600476551,S,UM,Small Shop,Fresh,STORE00897,LS,S03
83987,200720,20070714,1184371200,7,16,1,1.78,PRD0902282,CL00083,DEP00023,G00007,D00002,CUST0000461536,UM,PE,994106600476551,S,UM,Small Shop,Fresh,STORE00897,LS,S03
140739,200720,20070709,1183939200,2,10,3,2.01,PRD0903588,CL00218,DEP00073,G00023,D00005,CUST0000166972,LA,OT,994106600284372,M,MM,Small Shop,Nonfood,STORE01475,LS,S02
194483,200720,20070710,1184025600,3,19,1,0.83,PRD0903423,CL00002,DEP00001,G00001,D00001,CUST0000510218,MM,OT,994106600508334,S,UM,Small Shop,Fresh,STORE02152,SS,E02
194514,200720,20070710,1184025600,3,19,1,1.25,PRD0904945,CL00001,DEP00001,G00001,D00001,CUST0000510218,MM,OT,994106600508334,S,UM,Small Shop,Fresh,STORE02152,SS,E02
204141,200720,20070714,1184371200,7,10,1,0.63,PRD0903564,CL00065,DEP00019,G00007,D00002,CUST0000274732,LA,OA,994106600354578,S,LA,Small Shop,Grocery,STORE02266,LS,S03
204269,200720,20070714,1184371200,7,10,1,1.92,PRD0901365,CL00144,DEP00051,G00015,D00003,CUST0000274732,LA,OA,994106600354578,S,LA,Small Shop,Grocery,STORE02266,LS,S03
244165,200720,20070709,1183939200,2,19,1,9.36,PRD0900822,CL00228,DEP00080,G00026,D00007,CUST0000026726,MM,OT,994106600191801,S,XX,Small Shop,Nonfood,STORE02648,LS,N03
244178,200720,20070711,1184112000,4,18,1,0.98,PRD0900907,CL00150,DEP00052,G00015,D00003,CUST0000026726,MM,OT,994106600191800,S,MM,Small Shop,Mixed,STORE02648,LS,N03
244229,200720,20070711,1184112000,4,18,1,1.21,PRD0901338,CL00079,DEP00022,G00007,D00002,CUST0000026726,MM,OT,994106600191800,S,MM,Small Shop,Mixed,STORE02648,LS,N03
264745,200720,20070709,1183939200,2,13,1,0.98,PRD0900121,CL00063,DEP00019,G00007,D00002,CUST0000910832,MM,PE,994106600771497,M,MM,Small Shop,Fresh,STORE02847,LS,N01
265082,200720,20070709,1183939200,2,13,3,2.52,PRD0903317,CL00002,DEP00001,G00001,D00001,CUST0000910832,MM,PE,994106600771497,M,MM,Small Shop,Fresh,STORE02847,LS,N01
84872,200721,20070718,1184716800,4,8,1,0.32,PRD0903090,CL00218,DEP00073,G00023,D00005,CUST0000642947,LA,OT,994106700593682,S,MM,Small Shop,Nonfood,STORE00944,MS,E02
136745,200721,20070716,1184544000,2,10,3,2.01,PRD0903588,CL00218,DEP00073,G00023,D00005,CUST0000166972,LA,OT,994106700283559,M,MM,Small Shop,Nonfood,STORE01475,LS,S02
239463,200721,20070720,1184889600,6,18,1,9.36,PRD0900822,CL00228,DEP00080,G00026,D00007,CUST0000026726,MM,OT,994106700191150,S,XX,Small Shop,Nonfood,STORE02648,LS,N03
7348,200722,20070725,1185321600,4,9,1,1.33,PRD0900893,CL00144,DEP00051,G00015,D00003,CUST0000561725,MM,OT,994106800536532,S,LA,Small Shop,Grocery,STORE00059,MS,W02
7369,200722,20070729,1185667200,1,8,1,0.74,PRD0903052,CL00031,DEP00008,G00004,D00002,CUST0000561725,MM,OT,994106800536533,S,UM,Small Shop,Fresh,STORE00059,MS,W02
72428,200722,20070726,1185408000,5,8,1,0.25,PRD0902049,CL00164,DEP00055,G00016,D00003,CUST0000118701,MM,OT,994106800251246,S,MM,Small Shop,Grocery,STORE00829,XLS,S03
134535,200722,20070728,1185580800,7,12,3,2.01,PRD0903588,CL00218,DEP00073,G00023,D00005,CUST0000166972,LA,OT,994106800282466,M,MM,Small Shop,Nonfood,STORE01475,LS,S02
179186,200722,20070723,1185148800,2,11,1,9.48,PRD0903615,CL00188,DEP00062,G00018,D00004,CUST0000050040,XX,,994106800206845,S,LA,Small Shop,Nonfood,STORE01990,LS,E03
179278,200722,20070723,1185148800,2,11,1,1.34,PRD0904917,CL00063,DEP00019,G00007,D00002,CUST0000050040,XX,,994106800206845,S,LA,Small Shop,Nonfood,STORE01990,LS,E03
187360,200722,20070724,1185235200,3,12,1,0.92,PRD0902819,CL00218,DEP00073,G00023,D00005,CUST0000510218,MM,OT,994106800503286,S,MM,Small Shop,Nonfood,STORE02152,SS,E02
187383,200722,20070728,1185580800,7,8,1,0.83,PRD0903423,CL00002,DEP00001,G00001,D00001,CUST0000510218,MM,OT,994106800503285,M,UM,Small Shop,Mixed,STORE02152,SS,E02
187390,200722,20070728,1185580800,7,8,1,0.67,PRD0903588,CL00218,DEP00073,G00023,D00005,CUST0000510218,MM,OT,994106800503285,M,UM,Small Shop,Mixed,STORE02152,SS,E02
187421,200722,20070728,1185580800,7,8,1,1.25,PRD0904945,CL00001,DEP00001,G00001,D00001,CUST0000510218,MM,OT,994106800503285,M,UM,Small Shop,Mixed,STORE02152,SS,E02
187435,200722,20070724,1185235200,3,12,1,1.52,PRD0900044,CL00218,DEP00073,G00023,D00005,CUST0000510218,MM,OT,994106800503286,S,MM,Small Shop,Nonfood,STORE02152,SS,E02
187436,200722,20070728,1185580800,7,8,1,1.22,PRD0900465,CL00218,DEP00073,G00023,D00005,CUST0000510218,MM,OT,994106800503285,M,UM,Small Shop,Mixed,STORE02152,SS,E02
197111,200722,20070727,1185494400,6,11,1,1.92,PRD0901365,CL00144,DEP00051,G00015,D00003,CUST0000274732,LA,OA,994106800351229,S,MM,Small Shop,Grocery,STORE02266,LS,S03
232534,200722,20070723,1185148800,2,11,1,0.84,PRD0903317,CL00002,DEP00001,G00001,D00001,CUST0000412519,LA,OA,994106800440164,S,MM,Small Shop,Mixed,STORE02599,LS,W01
232553,200722,20070723,1185148800,2,11,1,0.67,PRD0903588,CL00218,DEP00073,G00023,D00005,CUST0000412519,LA,OA,994106800440164,S,MM,Small Shop,Mixed,STORE02599,LS,W01
255442,200722,20070728,1185580800,7,12,3,2.52,PRD0903317,CL00002,DEP00001,G00001,D00001,CUST0000910832,MM,PE,994106800762233,M,MM,Small Shop,Fresh,STORE02847,LS,N01
139407,200723,20070804,1186185600,7,8,1,0.67,PRD0903588,CL00218,DEP00073,G00023,D00005,CUST0000166972,LA,OT,994106900288514,S,MM,Small Shop,Nonfood,STORE01475,LS,S02
139581,200723,20070805,1186272000,1,9,1,0.46,PRD0902473,CL00218,DEP00073,G00023,D00005,CUST0000166972,LA,OT,994106900288515,S,MM,Small Shop,Nonfood,STORE01475,LS,S02
191569,200723,20070731,1185840000,3,19,1,1.97,PRD0900205,CL00230,DEP00081,G00027,D00008,CUST0000632033,UM,YA,994106900589133,S,UM,Small Shop,Grocery,STORE02130,MS,W02
191612,200723,20070731,1185840000,3,19,1,1.61,PRD0901459,CL00230,DEP00081,G00027,D00008,CUST0000632033,UM,YA,994106900589133,S,UM,Small Shop,Grocery,STORE02130,MS,W02
239020,200723,20070803,1186099200,6,10,1,0.84,PRD0903317,CL00002,DEP00001,G00001,D00001,CUST0000412519,LA,OA,994106900447270,S,MM,Small Shop,Mixed,STORE02599,LS,W01
239021,200723,20070802,1186012800,5,9,1,0.84,PRD0903317,CL00002,DEP00001,G00001,D00001,CUST0000412519,LA,OA,994106900447271,S,MM,Small Shop,Fresh,STORE02599,LS,W01
239049,200723,20070803,1186099200,6,10,1,0.67,PRD0903588,CL00218,DEP00073,G00023,D00005,CUST0000412519,LA,OA,994106900447270,S,MM,Small Shop,Mixed,STORE02599,LS,W01
241893,200723,20070801,1185926400,4,13,1,9.36,PRD0900822,CL00228,DEP00080,G00026,D00007,CUST0000026726,MM,OT,994106900197199,S,XX,Small Shop,Nonfood,STORE02648,LS,N03
261915,200723,20070802,1186012800,5,12,1,0.98,PRD0900121,CL00063,DEP00019,G00007,D00002,CUST0000910832,MM,PE,994106900770163,M,MM,Small Shop,Fresh,STORE02847,LS,N01
262216,200723,20070802,1186012800,5,12,3,2.52,PRD0903317,CL00002,DEP00001,G00001,D00001,CUST0000910832,MM,PE,994106900770163,M,MM,Small Shop,Fresh,STORE02847,LS,N01
73594,200724,20070810,1186704000,6,8,1,0.37,PRD0901391,CL00214,DEP00071,G00022,D00005,CUST0000118701,MM,OT,994107000254657,S,MM,Small Shop,Mixed,STORE00829,XLS,S03
73666,200724,20070810,1186704000,6,8,1,0.25,PRD0902049,CL00164,DEP00055,G00016,D00003,CUST0000118701,MM,OT,994107000254657,S,MM,Small Shop,Mixed,STORE00829,XLS,S03
79326,200724,20070809,1186617600,5,13,1,3.4,PRD0901068,CL00058,DEP00016,G00006,D00002,CUST0000461536,UM,PE,994107000473988,S,UM,Small Shop,Fresh,STORE00897,LS,S03
79438,200724,20070809,1186617600,5,13,1,1.66,PRD0902282,CL00083,DEP00023,G00007,D00002,CUST0000461536,UM,PE,994107000473988,S,UM,Small Shop,Fresh,STORE00897,LS,S03
135318,200724,20070810,1186704000,6,11,1,0.67,PRD0903588,CL00218,DEP00073,G00023,D00005,CUST0000166972,LA,OT,994107000285974,S,MM,Small Shop,Nonfood,STORE01475,LS,S02
187531,200724,20070812,1186876800,1,13,1,0.85,PRD0900254,CL00001,DEP00001,G00001,D00001,CUST0000510218,MM,OT,994107000505360,M,UM,Small Shop,Fresh,STORE02152,SS,E02
187626,200724,20070812,1186876800,1,13,3,2.49,PRD0903423,CL00002,DEP00001,G00001,D00001,CUST0000510218,MM,OT,994107000505360,M,UM,Small Shop,Fresh,STORE02152,SS,E02
187633,200724,20070812,1186876800,1,13,1,0.67,PRD0903588,CL00218,DEP00073,G00023,D00005,CUST0000510218,MM,OT,994107000505360,M,UM,Small Shop,Fresh,STORE02152,SS,E02
187676,200724,20070812,1186876800,1,13,1,1.22,PRD0900465,CL00218,DEP00073,G00023,D00005,CUST0000510218,MM,OT,994107000505360,M,UM,Small Shop,Fresh,STORE02152,SS,E02
196933,200724,20070806,1186358400,2,14,1,0.57,PRD0900087,CL00138,DEP00048,G00013,D00003,CUST0000274732,LA,OA,994107000354643,S,LA,Small Shop,Mixed,STORE02266,LS,S03
197266,200724,20070806,1186358400,2,14,1,0.63,PRD0903564,CL00065,DEP00019,G00007,D00002,CUST0000274732,LA,OA,994107000354643,S,LA,Small Shop,Mixed,STORE02266,LS,S03
197394,200724,20070808,1186531200,4,12,1,1.92,PRD0901365,CL00144,DEP00051,G00015,D00003,CUST0000274732,LA,OA,994107000354644,S,MM,Small Shop,Grocery,STORE02266,LS,S03
206012,200724,20070806,1186358400,2,13,3,7.47,PRD0904250,CL00045,DEP00011,G00004,D00002,CUST0000922054,LA,OT,994107000771400,M,UM,Small Shop,Fresh,STORE02355,LS,N02
235690,200724,20070811,1186790400,7,12,1,0.98,PRD0900907,CL00150,DEP00052,G00015,D00003,CUST0000026726,MM,OT,994107000195323,S,MM,Small Shop,Grocery,STORE02648,LS,N03
